time,accel_x,accel_y,accel_z,gyro_x,gyro_y,gyro_z,frame_number
1784563959980000,1.278259,5.760683,7.769005,-0.007468,-0.011474,0.011698,5
1784563959990000,1.287883,5.755905,7.773703,-0.009111,-0.011985,0.011663,6
1784563960000000,1.297360,5.727137,7.769033,-0.009183,-0.013077,0.012132,7
1784563960010000,1.306834,5.746217,7.759213,-0.009153,-0.012546,0.012165,8
1784563960020000,1.311472,5.722218,7.749787,-0.011352,-0.013553,0.011560,9
1784563960030000,1.311715,5.727112,7.768858,-0.010319,-0.014126,0.012063,10
1784563960040000,1.306811,5.727067,7.759362,-0.013527,-0.013587,0.012629,11
1784563960050000,1.297413,5.722376,7.773848,-0.014233,-0.015825,0.014637,12
1784563960060000,1.316559,5.727130,7.773578,-0.011688,-0.018040,0.015577,13
1784563960070000,1.302328,5.731996,7.783270,-0.010703,-0.019645,0.015478,14
1784563960080000,1.316494,5.722316,7.768838,-0.011199,-0.019077,0.014975,15
1784563960090000,1.316817,5.693751,7.797725,-0.009078,-0.019633,0.014944,16
1784563960101000,1.278722,5.751321,7.807298,-0.007071,-0.021842,0.015883,17
1784563960111000,1.364422,5.736620,7.772922,-0.006491,-0.021288,0.015381,18
1784563960121000,1.297634,5.708121,7.793069,-0.006837,-0.018066,0.015046,19
1784563960131000,1.340603,5.727141,7.782842,-0.004268,-0.020221,0.014915,20
1784563960141000,1.345270,5.727079,7.773229,-0.002505,-0.017586,0.015084,21
1784563960151000,1.335818,5.727149,7.782900,-0.001375,-0.017008,0.014047,22
1784563960161000,1.359755,5.736682,7.782535,-0.000102,-0.014246,0.012074,23
1784563960171000,1.350066,5.736646,7.773097,0.000108,-0.011442,0.009563,24
1784563960181000,1.364458,5.717497,7.777848,0.001412,-0.008149,0.007623,25
1784563960191000,1.359619,5.722267,7.773092,0.001186,-0.003716,0.004677,26
1784563960201000,1.354970,5.736691,7.782593,0.001999,-0.000297,0.000593,27
1784563960211000,1.359631,5.731842,7.773017,0.003805,0.002899,0.000260,28
1784563960221000,1.354786,5.731823,7.768298,0.002945,0.005275,-0.003892,29
1784563960231000,1.369195,5.727037,7.772938,0.003699,0.008544,-0.005297,30
1784563960241000,1.331002,5.751069,7.777995,0.005057,0.012428,-0.008275,31
1784563960251000,1.326189,5.727139,7.778239,0.005727,0.014574,-0.008676,32
1784563960261000,1.378938,5.722313,7.787191,0.007174,0.019139,-0.014298,33
1784563960271000,1.402787,5.707882,7.782235,0.008038,0.031328,-0.022667,34
1784563960281000,1.373862,5.726976,7.763326,0.015790,0.041812,-0.030593,35
1784563960291000,1.340377,5.736609,7.763658,0.015683,0.040630,-0.028517,36
1784563960301000,1.350007,5.736619,7.768319,0.016776,0.041118,-0.027947,37
1784563960311000,1.326271,5.746316,7.782867,0.018318,0.040008,-0.027477,38
1784563960321000,1.297549,5.736792,7.783291,0.017200,0.039460,-0.026976,39
1784563960331000,1.268796,5.751178,7.778750,0.018054,0.036612,-0.023929,40
1784563960341000,1.273392,5.741515,7.764435,0.017366,0.034876,-0.021352,41
1784563960351000,1.240032,5.755990,7.774285,0.014335,0.029950,-0.018442,42
1784563960361000,1.273564,5.736807,7.778804,0.015303,0.028755,-0.016366,43
1784563960371000,1.306941,5.736695,7.768842,0.014263,0.028858,-0.017974,44
1784563960381000,1.273516,5.746356,7.773952,0.013475,0.032326,-0.022594,45
1784563960391000,1.321345,5.727121,7.773520,0.016972,0.036155,-0.025035,46
1784563960401000,1.244693,5.751141,7.764709,0.018597,0.036166,-0.025569,47
1784563960411000,1.230354,5.765528,7.764772,0.016630,0.031197,-0.022122,48
1784563960421000,1.220742,5.779881,7.759999,0.013019,0.025716,-0.018711,49
1784563960431000,1.230301,5.770289,7.759957,0.011046,0.021188,-0.013625,50
1784563960441000,1.201774,5.775207,7.774601,0.009503,0.014560,-0.009208,51
1784563960451000,1.230301,5.770289,7.759957,0.008097,0.009645,-0.006832,52
1784563960461000,1.302167,5.746278,7.768826,0.005781,0.015165,-0.009714,53
1784563960471000,1.230354,5.765528,7.764772,0.006432,0.016812,-0.010684,54
1784563960481000,1.225623,5.760776,7.769645,0.004591,0.013526,-0.008744,55
1784563960491000,1.239908,5.751149,7.764768,0.005552,0.011860,-0.007772,56
1784563960501000,1.192068,5.760808,7.765275,0.002552,0.007465,-0.004829,57
1784563960511000,1.216118,5.765606,7.774501,0.003793,0.001958,-0.001949,58
1784563960521000,1.230343,5.755953,7.764847,0.003594,-0.000817,0.000026,59
1784563960531000,1.249608,5.760760,7.774131,0.004090,-0.001384,0.000528,60
1784563960541000,1.259161,5.746381,7.774127,0.005178,-0.001366,-0.000006,61
1784563960551000,1.254370,5.741602,7.774222,0.005757,-0.000812,-0.000508,62
1784563960561000,1.249591,5.746397,7.774243,0.009098,0.000803,-0.001475,63
1784563960571000,1.273505,5.736781,7.774027,0.008908,0.005326,-0.006028,64
1784563960581000,1.273386,5.736728,7.764472,0.010193,0.008118,-0.008537,65
1784563960591000,1.244859,5.741645,7.779116,0.013128,0.011892,-0.009907,66
1784563960601000,1.235091,5.775068,7.759862,0.012663,0.012990,-0.010376,67
1784563960611000,1.206488,5.765596,7.769840,0.012194,0.006350,-0.005958,68
1784563960621000,1.216058,5.765580,7.769723,0.011471,0.003612,-0.004519,69
1784563960631000,1.230230,5.760687,7.755255,0.010227,0.001381,-0.002512,70
1784563960641000,1.230295,5.765501,7.759995,0.010669,0.000223,-0.000971,71
1784563960651000,1.259059,5.760690,7.764461,0.011237,0.000747,-0.000937,72
1784563960661000,1.225609,5.799049,7.764570,0.010203,0.001321,-0.001441,73
1784563960671000,1.225504,5.760723,7.760090,0.008494,0.000188,0.000098,74
1784563960681000,1.239811,5.770246,7.755064,0.006229,-0.001439,0.001066,75
1784563960691000,1.244645,5.760689,7.759858,0.005703,-0.001403,0.000530,76
1784563960701000,1.249495,5.765494,7.764540,0.007359,-0.000861,0.000030,77
1784563960711000,1.235156,5.779882,7.764602,0.007473,0.000792,-0.000941,78
1784563960721000,1.230343,5.755953,7.764847,0.009026,-0.000289,-0.001007,79
1784563960731000,1.230312,5.779864,7.759883,0.007938,-0.000306,-0.000472,80
1784563960741000,1.215778,5.779809,7.745726,0.008422,-0.000904,0.000566,81
1784563960751000,1.211095,5.765509,7.755450,0.006623,-0.003629,0.002004,82
1784563960761000,1.206386,5.779906,7.760174,0.004280,-0.005907,0.005081,83
1784563960771000,1.206273,5.784640,7.750582,0.006275,-0.008146,0.006556,84
1784563960781000,1.230216,5.798960,7.750180,0.002246,-0.012408,0.007356,85
1784563960791000,1.282920,5.755834,7.759429,0.001841,-0.010249,0.006954,86
1784563960801000,1.254254,5.794184,7.759480,0.004310,-0.005376,0.005115,87
1784563960811000,1.259076,5.775053,7.764349,0.004406,-0.004225,0.003575,88
1784563960821000,1.230145,5.789359,7.745477,0.002273,-0.003699,0.004142,89
1784563960831000,1.254113,5.774981,7.750075,0.002183,-0.005291,0.004042,90
1784563960841000,1.230275,5.798987,7.754957,0.003229,-0.005834,0.004009,91
1784563960851000,1.249334,5.779777,7.750096,0.002183,-0.005291,0.004042,92
1784563960861000,1.235038,5.779829,7.755047,0.002262,-0.003729,0.004678,93
1784563960871000,1.239763,5.779794,7.750212,0.001156,-0.004247,0.004643,94
1784563960881000,1.225419,5.789394,7.750312,-0.000010,-0.005827,0.004542,95
1784563960891000,1.249339,5.784564,7.750059,-0.000595,-0.005941,0.006683,96
1784563960901000,1.244543,5.774998,7.750191,-0.000148,-0.007539,0.006583,97
1784563960911000,1.235021,5.765466,7.755159,-0.000769,-0.008655,0.007587,98
1784563960921000,1.263802,5.775017,7.759513,-0.000243,-0.008691,0.008123,99
1784563960931000,1.249452,5.779830,7.759650,0.000742,-0.010296,0.008024,100
1784563960941000,1.258980,5.794149,7.754645,0.000168,-0.010380,0.009630,101
1784563960951000,1.259028,5.784601,7.759497,-0.000907,-0.010368,0.009629,102
1784563960961000,1.254249,5.789397,7.759518,-0.000334,-0.010284,0.008023,103
1784563960971000,1.278027,5.765364,7.749859,-0.002341,-0.008075,0.007083,104
1784563960981000,1.278146,5.765417,7.759413,-0.001025,-0.004752,0.004607,105
1784563960991000,1.259017,5.775026,7.759572,-0.000881,-0.002569,0.003670,106
1784563961001000,1.244667,5.779839,7.759708,-0.000313,-0.002045,0.003704,107
1784563961011000,1.259011,5.770238,7.759609,0.000171,-0.002642,0.004743,108
1784563961021000,1.249469,5.794192,7.759539,0.001766,-0.003162,0.004175,109
1784563961031000,1.230317,5.784651,7.759846,0.000660,-0.003680,0.004140,110
1784563961041000,1.254119,5.779768,7.750038,0.001682,-0.004283,0.005179,111
1784563961051000,1.263700,5.789326,7.749847,0.002220,-0.004290,0.005180,112
1784563961061000,1.268533,5.779770,7.754641,0.000648,-0.003710,0.004676,113
1784563961071000,1.258892,5.770185,7.750054,-0.000355,-0.002605,0.004206,114
1784563961081000,1.268457,5.765381,7.749975,0.000141,-0.003173,0.004709,115
1784563961091000,1.282937,5.770196,7.759318,0.001366,-0.001442,0.002133,116
1784563961101000,1.258952,5.770212,7.754831,-0.000115,0.000730,0.001729,117
1784563961111000,1.258952,5.770212,7.754831,-0.000617,0.000826,0.000122,118
1784563961121000,1.254178,5.779795,7.754815,-0.001777,-0.000283,0.001125,119
1784563961132000,1.249452,5.779830,7.759650,-0.001263,-0.000349,0.002197,120
1784563961142000,1.244673,5.784626,7.759671,-0.001347,-0.001471,0.003201,121
1784563961152000,1.239710,5.784554,7.745398,-0.000301,-0.002015,0.003169,122
1784563961162000,1.249382,5.770228,7.754948,-0.000415,-0.003667,0.004139,123
1784563961172000,1.254119,5.779768,7.750038,-0.001575,-0.004776,0.005143,124
1784563961182000,1.258850,5.784521,7.745165,-0.002082,-0.004239,0.005176,125
1784563961192000,1.273383,5.784575,7.759323,-0.003188,-0.004757,0.005141,126
1784563961202000,1.258892,5.770185,7.750054,-0.003134,-0.004166,0.004103,127
1784563961212000,1.249452,5.779830,7.759650,-0.003074,-0.003105,0.004170,128
1784563961222000,1.254232,5.775034,7.759630,-0.001647,-0.005868,0.005611,129
1784563961232000,1.268587,5.775009,7.759455,-0.002674,-0.004824,0.006213,130
1784563961242000,1.254297,5.779849,7.764369,-0.001647,-0.005868,0.005611,131
1784563961252000,1.263748,5.779778,7.754699,-0.002776,-0.006446,0.006648,132
1784563961262000,1.278146,5.765417,7.759413,-0.000590,-0.006381,0.005043,133
1784563961272000,1.273378,5.779788,7.759360,-0.000571,-0.005880,0.005612,134
1784563961282000,1.263706,5.794114,7.749810,-0.000022,-0.005857,0.005077,135
1784563961292000,1.259087,5.784627,7.764274,0.000492,-0.005923,0.006149,136
1784563961302000,1.268403,5.770142,7.745161,0.000564,-0.004832,0.005680,137
1784563961312000,1.282931,5.765409,7.759355,0.003349,-0.003711,0.004143,138
1784563961322000,1.273259,5.779735,7.749805,0.002399,-0.002016,0.002636,139
1784563961332000,1.268414,5.779716,7.745086,0.002520,0.000107,0.002770,140
1784563961342000,1.268420,5.784504,7.745049,0.000870,-0.000875,0.001630,141
1784563961352000,1.258904,5.779760,7.749979,0.000321,-0.000899,0.002165,142
1784563961362000,1.258898,5.774972,7.750017,0.001396,-0.000912,0.002166,143
1784563961372000,1.268545,5.789345,7.754566,-0.000247,-0.001424,0.002131,144
1784563961382000,1.263819,5.789380,7.759401,0.000374,-0.000308,0.001127,145
1784563961392000,1.273307,5.770186,7.754657,0.002658,0.001820,0.000728,146
1784563961402000,1.273259,5.779735,7.749805,0.002090,0.001295,0.000694,147
1784563961412000,1.258909,5.784547,7.749942,0.001026,0.001338,0.000157,148
1784563961422000,1.263802,5.775017,7.759513,0.002102,0.001325,0.000158,149
1784563961432000,1.273366,5.770213,7.759434,0.001534,0.000801,0.000124,150
1784563961442000,1.278152,5.770205,7.759376,0.002060,0.000765,0.000660,151
1784563961452000,1.273420,5.765452,7.764249,0.003183,0.000872,-0.001481,152
1784563961462000,1.273361,5.765426,7.759471,0.002693,0.001910,-0.000879,153
1784563961472000,1.297227,5.765357,7.754403,0.005114,0.005751,-0.003320,154
1784563961482000,1.302071,5.765375,7.759122,0.010912,0.011296,-0.008336,155
1784563961492000,1.283013,5.784585,7.763984,0.010686,0.015730,-0.011282,156
1784563961502000,1.268610,5.794159,7.759306,0.011022,0.020217,-0.015299,157
1784563961512000,1.254178,5.779795,7.754815,0.011906,0.017900,-0.012218,158
1784563961522000,1.259034,5.789388,7.759459,0.013870,0.015131,-0.010777,159
1784563961532000,1.239958,5.794236,7.764432,0.013798,0.014039,-0.010308,160
1784563961542000,1.239656,5.789315,7.740583,0.016039,0.015606,-0.010206,161
1784563961552000,1.297145,5.746181,7.749775,0.016096,0.023936,-0.016131,162
1784563961562000,1.292351,5.789249,7.744721,0.019628,0.027854,-0.020178,163
1784563961572000,1.249334,5.779777,7.750096,0.018081,0.028494,-0.021753,164
1784563961582000,1.220705,5.799004,7.755073,0.018408,0.025683,-0.019242,165
1784563961592000,1.220634,5.789402,7.750371,0.019088,0.020122,-0.015291,166
1784563961602000,1.215914,5.794225,7.755168,0.017157,0.016155,-0.010707,167
1784563961612000,1.230221,5.803748,7.750143,0.019140,0.013886,-0.008696,168
1784563961622000,1.225436,5.803756,7.750200,0.017866,0.011124,-0.006722,169
1784563961632000,1.215818,5.813321,7.745465,0.018236,0.008874,-0.004713,170
1784563961642000,1.215759,5.813294,7.740687,0.018080,0.006661,-0.003240,171
1784563961652000,1.210968,5.808516,7.740783,0.018660,0.007215,-0.003742,172
1784563961662000,1.230097,5.798907,7.740625,0.019270,0.008301,-0.004210,173
1784563961672000,1.273253,5.774947,7.749843,0.019187,0.014006,-0.010838,174
1784563961682000,1.230216,5.798960,7.750180,0.025373,0.017803,-0.013276,175
1784563961692000,1.249113,5.794033,7.730875,0.025925,0.025565,-0.018699,176
1784563961702000,1.249172,5.794059,7.735652,0.029929,0.028856,-0.021172,177
1784563961712000,1.229956,5.779704,7.731219,0.031978,0.027208,-0.020735,178
1784563961722000,1.196683,5.818142,7.745660,0.036733,0.026029,-0.019726,179
1784563961732000,1.206056,5.851531,7.726174,0.037899,0.027609,-0.019624,180
1784563961742000,1.172277,5.813184,7.707770,0.035277,0.029173,-0.018455,181
1784563961752000,1.177133,5.822777,7.712414,0.031213,0.024820,-0.016049,182
1784563961762000,1.224936,5.832242,7.706981,0.030095,0.024272,-0.015548,183
1784563961772000,1.182048,5.832397,7.721836,0.027908,0.023296,-0.016688,184
1784563961782000,1.162984,5.846819,7.726735,0.021536,0.016755,-0.012811,185
1784563961792000,1.186867,5.861113,7.721555,0.015298,0.013279,-0.006591,186
1784563961802000,1.153479,5.851651,7.731591,0.013928,0.008454,-0.005822,187
1784563961812000,1.177077,5.875386,7.702450,0.011711,0.007858,-0.004251,188
1784563961822000,1.158044,5.865898,7.712312,0.007767,0.005629,-0.001711,189
1784563961832000,1.162860,5.841979,7.717217,0.006070,0.004526,-0.000708,190
1784563961842000,1.172388,5.856297,7.712212,0.003823,0.003400,0.000829,191
1784563961852000,1.167758,5.837236,7.726751,0.002036,0.000704,0.001732,192
1784563961862000,1.172382,5.851510,7.712249,0.002496,0.000047,0.003841,193
1784563961872000,1.177221,5.846741,7.717006,0.000315,-0.000459,0.003805,194
1784563961882000,1.167532,5.846705,7.707567,0.000345,0.000072,0.003839,195
1784563961892000,1.181989,5.832370,7.717059,-0.000802,-0.001007,0.004306,196
1784563961902000,1.191457,5.846663,7.707276,-0.001484,-0.003184,0.005243,197
1784563961912000,1.191554,5.827566,7.716980,-0.001836,-0.000433,0.003803,198
1784563961922000,1.191500,5.832326,7.712165,-0.001668,0.001810,0.001795,199
1784563961932000,1.177161,5.846714,7.712228,-0.001680,0.001780,0.002330,200
1784563961942000,1.177393,5.842033,7.731375,-0.001602,0.002431,0.000222,201
1784563961952000,1.186904,5.841990,7.726481,-0.002702,0.002384,0.001292,202
1784563961962000,1.177399,5.846821,7.731338,-0.004775,0.003060,-0.000819,203
1784563961972000,1.177334,5.842007,7.726597,-0.004841,0.002439,0.000754,204
1784563961982000,1.186898,5.837203,7.726518,-0.003795,0.001896,0.000721,205
1784563961992000,1.182060,5.841972,7.721762,-0.004315,0.002403,0.001290,206
1784563962002000,1.172554,5.846803,7.726618,-0.005408,0.001915,0.000720,207
1784563962012000,1.191672,5.827619,7.726535,-0.005886,0.002983,0.000786,208
1784563962022000,1.196463,5.832398,7.726439,-0.005874,0.003013,0.000251,209
1784563962032000,1.191678,5.832407,7.726497,-0.005246,0.004599,0.000352,210
1784563962042000,1.182124,5.846786,7.726502,-0.004648,0.005654,0.000419,211
1784563962052000,1.177345,5.851582,7.726523,-0.006805,0.005209,-0.000688,212
1784563962062000,1.177221,5.846741,7.717006,-0.007874,0.005692,0.000416,213
1784563962072000,1.172436,5.846749,7.717064,-0.010635,0.004632,0.000882,214
1784563962082000,1.191754,5.846796,7.731163,-0.012284,0.004560,0.002487,215
1784563962092000,1.167651,5.846758,7.717122,-0.012840,0.004066,0.001918,216
1784563962102000,1.172489,5.841989,7.721878,-0.015045,0.003500,0.002953,217
1784563962112000,1.158210,5.856403,7.726718,-0.018337,0.002917,0.004523,218
1784563962122000,1.177351,5.856369,7.726486,-0.019443,0.002399,0.004489,219
1784563962132000,1.153496,5.866013,7.731479,-0.021152,0.001266,0.006027,220
1784563962142000,1.205897,5.817966,7.716880,-0.023847,0.000827,0.004920,221
1784563962153000,1.182464,5.832583,7.755277,-0.023225,0.001943,0.003916,222
1784563962163000,1.196714,5.794232,7.750624,-0.021026,0.002949,0.004521,223
1784563962173000,1.191774,5.813310,7.736201,-0.020410,0.003594,0.002412,224
1784563962183000,1.158504,5.803901,7.755792,-0.019491,0.001368,0.003886,225
1784563962193000,1.187155,5.803823,7.750666,-0.017262,0.001994,0.001779,226
1784563962203000,1.172865,5.808663,7.755580,-0.013480,0.002450,0.002352,227
1784563962213000,1.177526,5.803813,7.746005,-0.011867,0.002431,0.002354,228
1784563962223000,1.177704,5.803894,7.760336,-0.011813,0.003022,0.001316,229
1784563962233000,1.187107,5.813372,7.745814,-0.010200,0.003003,0.001318,230
1784563962243000,1.158273,5.808582,7.736646,-0.011305,0.002485,0.001283,231
1784563962253000,1.177455,5.794212,7.741302,-0.010833,0.001857,0.002857,232
1784563962263000,1.177472,5.808574,7.741190,-0.011855,0.002461,0.001818,233
1784563962273000,1.177639,5.799079,7.755596,-0.010200,0.003003,0.001318,234
1784563962283000,1.196607,5.803753,7.740994,-0.009638,0.003057,0.000247,235
1784563962293000,1.172854,5.799088,7.755654,-0.008007,0.003539,0.000818,236
1784563962303000,1.187090,5.799009,7.745925,-0.006298,0.004672,-0.000720,237
1784563962313000,1.182495,5.808673,7.760241,-0.004643,0.005213,-0.001221,238
1784563962323000,1.172806,5.808636,7.750803,-0.004105,0.005207,-0.001220,239
1784563962333000,1.163171,5.803839,7.746179,-0.003041,0.005164,-0.000684,240
1784563962343000,1.172902,5.789540,7.760506,-0.001984,0.004651,-0.001252,241
1784563962353000,1.182288,5.784656,7.746095,-0.001954,0.005182,-0.001218,242
1784563962363000,1.163337,5.794344,7.760585,-0.000473,0.003010,-0.000815,243
1784563962373000,1.172729,5.794247,7.746137,0.001516,0.000300,-0.000445,244
1784563962383000,1.153648,5.794308,7.751147,0.002919,-0.002523,0.002067,245
1784563962393000,1.172729,5.794247,7.746137,0.003343,-0.004182,0.003038,246
1784563962403000,1.182483,5.799098,7.760315,0.005494,-0.004207,0.003041,247
1784563962413000,1.172741,5.803822,7.746063,0.004986,-0.003670,0.003074,248
1784563962423000,1.168032,5.818220,7.750786,0.007107,-0.004226,0.003042,249
1784563962433000,1.167772,5.798964,7.731826,0.006007,-0.004274,0.004112,250
1784563962443000,1.191777,5.765462,7.741351,0.008122,-0.005300,0.002976,251
1784563962453000,1.177650,5.808654,7.755522,0.006593,-0.004160,0.001970,252
1784563962463000,1.153736,5.818272,7.755738,0.006001,-0.004744,0.003008,253
1784563962473000,1.153595,5.799068,7.746333,0.005277,-0.007482,0.004446,254
1784563962483000,1.201463,5.813346,7.745639,0.005821,-0.007018,0.005552,255
1784563962493000,1.162987,5.798972,7.731884,0.006431,-0.005933,0.005084,0
1784563962503000,1.172710,5.827733,7.741099,0.004076,-0.009152,0.005952,1
1784563962513000,1.163241,5.813440,7.750882,0.005756,-0.007639,0.007125,2
1784563962523000,1.177099,5.794052,7.712638,0.001919,-0.008686,0.007590,3
1784563962533000,1.139403,5.837447,7.755764,0.001249,-0.010833,0.007991,4
1784563962543000,1.163111,5.803812,7.741402,0.001686,-0.011551,0.011171,5
1784563962553000,1.182150,5.818088,7.731503,-0.000604,-0.014150,0.010466,6
1784563962563000,1.167930,5.832529,7.741120,-0.000525,-0.012587,0.011102,7
1784563962573000,1.172574,5.813317,7.731657,-0.002688,-0.012592,0.011636,8
1784563962583000,1.186876,5.818053,7.726667,-0.003824,-0.013641,0.011568,9
1784563962593000,1.163117,5.808599,7.741364,-0.003298,-0.013677,0.012104,10
1784563962603000,1.182204,5.813327,7.736318,-0.006077,-0.015238,0.012001,11
1784563962613000,1.196494,5.808488,7.731403,-0.008759,-0.014736,0.013103,12
1784563962623000,1.172585,5.822892,7.731582,-0.009376,-0.016292,0.012466,13
1784563962633000,1.163253,5.823015,7.750807,-0.013941,-0.019637,0.016010,14
1784563962643000,1.215674,5.841966,7.730909,-0.013746,-0.024601,0.018923,15
1784563962653000,1.206253,5.818125,7.745544,-0.019117,-0.024067,0.020022,16
1784563962663000,1.220442,5.827595,7.730963,-0.020712,-0.023547,0.020590,17
1784563962673000,1.186935,5.818079,7.731445,-0.026657,-0.024009,0.020550,18
1784563962683000,1.225340,5.822853,7.740497,-0.030051,-0.026214,0.022555,19
1784563962693000,1.196709,5.789444,7.750661,-0.030517,-0.025116,0.022086,20
1784563962703000,1.287583,5.803620,7.744667,-0.032809,-0.019536,0.018134,21
1784563962713000,1.263754,5.784565,7.754661,-0.031827,-0.012962,0.014787,22
1784563962723000,1.244715,5.770290,7.764561,-0.030464,-0.008608,0.012914,23
1784563962733000,1.230453,5.799067,7.769289,-0.029764,-0.006842,0.009801,24
1784563962743000,1.225651,5.784713,7.769458,-0.030810,-0.006298,0.009834,25
1784563962753000,1.235134,5.760732,7.764751,-0.028640,-0.005823,0.010405,26
1784563962763000,1.235323,5.770387,7.779008,-0.025873,-0.004292,0.011044,27
1784563962773000,1.220806,5.784695,7.764740,-0.024194,-0.003690,0.009472,28
1784563962783000,1.235317,5.765599,7.779046,-0.022569,-0.003679,0.008938,29
1784563962793000,1.244596,5.770237,7.755006,-0.020239,-0.001430,0.006396,30
1784563962803000,1.254274,5.760699,7.764519,-0.017346,0.001783,0.005529,31
1784563962813000,1.273355,5.760638,7.759509,-0.012858,0.003565,0.001348,32
1784563962823000,1.239995,5.775113,7.769358,-0.007814,0.006753,0.000483,33
1784563962833000,1.220742,5.779881,7.759999,-0.007833,0.006253,-0.000086,34
1784563962843000,1.216140,5.784756,7.774352,-0.006231,0.006204,0.000451,35
1784563962853000,1.244622,5.741539,7.760006,-0.005012,0.008374,-0.000485,36
1784563962863000,1.225677,5.756015,7.774459,-0.003840,0.009514,-0.002024,37
1784563962873000,1.216135,5.779969,7.774389,-0.003828,0.009544,-0.002559,38
1784563962883000,1.211474,5.784818,7.783965,-0.001719,0.008958,-0.002055,39
1784563962893000,1.240103,5.765591,7.778988,-0.002047,0.011768,-0.004566,40
1784563962903000,1.259130,5.770291,7.769163,0.000446,0.016701,-0.007476,41
1784563962913000,1.201720,5.779967,7.769786,0.000464,0.017201,-0.006907,42
1784563962923000,1.235264,5.770360,7.774231,-0.000134,0.016146,-0.006974,43
1784563962933000,1.220671,5.770279,7.755296,-0.000576,0.017304,-0.008515,44
1784563962943000,1.173052,5.765682,7.775024,0.000350,0.015549,-0.005936,45
1784563962953000,1.139482,5.803988,7.765579,0.000432,0.008932,-0.002053,46
1784563962963000,1.187223,5.760790,7.760555,-0.001392,0.006147,0.000456,47
1784563962973000,1.168176,5.789575,7.765342,-0.002737,0.002293,0.002898,48
1784563962983000,1.196816,5.779923,7.760290,-0.002881,0.000110,0.003836,49
1784563962993000,1.172772,5.779912,7.751026,-0.005092,-0.000926,0.003767,50
1784563963003000,1.196810,5.775136,7.760327,-0.006862,-0.003121,0.005238,51
1784563963013000,1.196810,5.775136,7.760327,-0.007483,-0.004236,0.006241,52
1784563963023000,1.187305,5.779966,7.765184,-0.007991,-0.003699,0.006274,53
1784563963033000,1.187235,5.770365,7.760481,-0.008105,-0.005352,0.007245,54
1784563963043000,1.187181,5.775126,7.755666,-0.007537,-0.004827,0.007279,55
1784563963053000,1.196881,5.784737,7.765030,-0.010878,-0.006442,0.008247,56
1784563963063000,1.196816,5.779923,7.760290,-0.012497,-0.005982,0.009885,57
1784563963073000,1.197101,5.770481,7.784251,-0.014678,-0.006488,0.009850,58
1784563963083000,1.216123,5.770394,7.774464,-0.021800,-0.008559,0.010244,59
1784563963093000,1.206547,5.765623,7.774617,-0.021328,-0.009186,0.011818,60
1784563963103000,1.220886,5.751235,7.774555,-0.021896,-0.009711,0.011784,61
1784563963113000,1.230521,5.756033,7.779179,-0.023086,-0.011351,0.012754,62
1784563963123000,1.221052,5.741741,7.788961,-0.021382,-0.009777,0.012856,63
1784563963133000,1.249681,5.722514,7.783984,-0.019673,-0.008644,0.011318,64
1784563963143000,1.230575,5.751272,7.783993,-0.018622,-0.009628,0.009645,65
1784563963153000,1.230801,5.741804,7.803176,-0.016889,-0.007524,0.009780,66
1784563963163000,1.259506,5.736966,7.802865,-0.014600,-0.005837,0.007741,67
1784563963174000,1.230611,5.732149,7.788919,-0.012263,-0.003118,0.006304,68
1784563963184000,1.221165,5.737007,7.798553,-0.012251,-0.003088,0.005768,69
1784563963194000,1.230563,5.741697,7.784068,-0.012239,-0.003057,0.005232,70
1784563963204000,1.221058,5.746528,7.788924,-0.011678,-0.003004,0.004162,71
1784563963214000,1.225773,5.736918,7.784163,-0.008929,-0.001974,0.004231,72
1784563963224000,1.221041,5.732166,7.789035,-0.009592,-0.003650,0.005737,73
1784563963234000,1.230558,5.736910,7.784105,-0.008529,-0.003693,0.006274,74
1784563963244000,1.235408,5.741715,7.788786,-0.005786,-0.003133,0.005239,75
1784563963254000,1.230671,5.732176,7.793696,-0.004597,-0.001493,0.004269,76
1784563963264000,1.244913,5.736885,7.783930,-0.005062,-0.000395,0.003800,77
1784563963274000,1.249698,5.736876,7.783872,-0.004936,0.001287,0.002294,78
1784563963284000,1.225832,5.736945,7.788940,-0.004315,0.002403,0.001290,79
1784563963294000,1.216315,5.732201,7.793871,-0.004375,0.001341,0.001223,80
1784563963304000,1.221004,5.751289,7.784110,-0.003873,0.001245,0.002830,81
1784563963314000,1.220987,5.736927,7.784221,-0.003915,0.000684,0.003332,82
1784563963324000,1.240198,5.746495,7.788691,-0.003479,-0.000945,0.003768,83
1784563963334000,1.211423,5.741731,7.784300,-0.004077,-0.002000,0.003701,84
1784563963344000,1.216154,5.746483,7.779428,-0.005267,-0.003640,0.004670,85
1784563963354000,1.216143,5.736908,7.779502,-0.005816,-0.003664,0.005205,86
1784563963364000,1.221117,5.746555,7.793701,-0.007556,-0.005328,0.006710,87
1784563963374000,1.235413,5.746503,7.788749,-0.008631,-0.005315,0.006709,88
1784563963384000,1.230569,5.746485,7.784030,-0.008589,-0.004754,0.006207,89
1784563963394000,1.225838,5.741733,7.788903,-0.008661,-0.005846,0.006675,90
1784563963404000,1.216089,5.741669,7.774687,-0.009246,-0.005960,0.008817,91
1784563963414000,1.259133,5.722444,7.774313,-0.013543,-0.006350,0.007173,92
1784563963424000,1.230688,5.746538,7.793585,-0.011362,-0.005844,0.007208,93
1784563963434000,1.221117,5.746555,7.793701,-0.010310,-0.005917,0.008281,94
1784563963444000,1.240170,5.722558,7.788877,-0.012521,-0.006953,0.008211,95
1784563963454000,1.235391,5.727353,7.788898,-0.013555,-0.006380,0.007708,96
1784563963464000,1.254644,5.722586,7.798258,-0.012437,-0.005832,0.007207,97
1784563963474000,1.230724,5.727415,7.798511,-0.012341,-0.004680,0.005667,98
1784563963484000,1.240122,5.732106,7.784026,-0.011187,-0.003130,0.006305,99
1784563963494000,1.202014,5.727466,7.798860,-0.010536,-0.001484,0.005334,100
1784563963504000,1.240247,5.736947,7.793543,-0.011725,-0.003124,0.006304,101
1784563963514000,1.230665,5.727388,7.793734,-0.011181,-0.002660,0.007409,102
1784563963524000,1.259364,5.717763,7.793459,-0.011169,-0.002630,0.006874,103
1784563963534000,1.245133,5.722629,7.803151,-0.010547,-0.001514,0.005870,104
1784563963544000,1.240278,5.713036,7.798507,-0.012752,-0.002080,0.006906,105
1784563963554000,1.240402,5.717876,7.808024,-0.012854,-0.003702,0.007341,106
1784563963564000,1.235617,5.717885,7.808082,-0.011271,-0.004252,0.007309,107
1784563963574000,1.245139,5.727416,7.803114,-0.011248,-0.004192,0.006238,108
1784563963584000,1.254703,5.722612,7.803035,-0.012927,-0.004794,0.007809,109
1784563963594000,1.273886,5.708242,7.807691,-0.011755,-0.003655,0.006271,110
1784563963604000,1.264316,5.708259,7.807807,-0.012131,-0.000964,0.005902,111
1784563963614000,1.269220,5.708304,7.817304,-0.008808,0.001061,0.007110,112
1784563963624000,1.269161,5.708278,7.812527,-0.007534,0.003822,0.005137,113
1784563963634000,1.249972,5.717859,7.807908,-0.007933,0.006453,0.005839,114
1784563963644000,1.254876,5.717905,7.817404,-0.006326,0.005963,0.004736,115
1784563963654000,1.240425,5.737026,7.807875,-0.004544,0.009099,0.005474,116
1784563963664000,1.249890,5.698683,7.803279,-0.008267,0.009704,0.004968,117
1784563963674000,1.221208,5.722671,7.803442,-0.008423,0.007490,0.006441,118
1784563963684000,1.230837,5.722681,7.808103,-0.005214,0.006952,0.005875,119
1784563963694000,1.249907,5.713045,7.803167,-0.007927,0.006923,0.006944,120
1784563963704000,1.259525,5.703480,7.807903,-0.007873,0.007514,0.005906,121
1784563963714000,1.245122,5.713054,7.803226,-0.008913,0.007617,0.004298,122
1784563963724000,1.240385,5.703514,7.808136,-0.009427,0.007684,0.003227,123
1784563963734000,1.230837,5.722681,7.808103,-0.007814,0.007665,0.003228,124
1784563963744000,1.249879,5.689108,7.803354,-0.006744,0.007181,0.002124,125
1784563963754000,1.245300,5.713134,7.817557,-0.006709,0.007272,0.000518,126
1784563963764000,1.264305,5.698684,7.807882,-0.007216,0.007809,0.000551,127
1784563963774000,1.240379,5.698727,7.808173,-0.007079,0.009521,-0.001491,128
1784563963784000,1.250215,5.722754,7.826980,-0.006541,0.009515,-0.001491,129
1784563963794000,1.197421,5.689281,7.818325,-0.005549,0.008381,-0.000485,130
1784563963804000,1.254836,5.684392,7.817665,-0.006093,0.007916,-0.001591,131
1784563963814000,1.221439,5.717990,7.822588,-0.004988,0.008435,-0.001556,132
1784563963824000,1.226239,5.679709,7.827605,-0.006123,0.007386,-0.001624,133
1784563963834000,1.211793,5.703618,7.818039,-0.003967,0.006920,-0.003262,134
1784563963844000,1.197390,5.713192,7.813362,-0.004075,0.005738,-0.001187,135
1784563963854000,1.230815,5.703531,7.808252,-0.004207,0.003585,-0.000785,136
1784563963864000,1.226089,5.703566,7.813087,-0.005862,0.003043,-0.000285,137
1784563963874000,1.216519,5.703583,7.813204,-0.005820,0.003604,-0.000787,138
1784563963884000,1.221256,5.713122,7.808294,-0.008013,0.003068,-0.000287,139
1784563963894000,1.216502,5.689220,7.813315,-0.006388,0.003079,-0.000821,140
1784563963904000,1.206949,5.703599,7.813320,-0.008085,0.001976,0.000182,141
1784563963914000,1.216556,5.684460,7.818130,-0.006025,0.000359,0.000083,142
1784563963924000,1.231154,5.689328,7.837027,-0.006030,0.000799,0.001724,143
1784563963934000,1.230685,5.693903,7.798772,-0.005492,0.000793,0.001724,144
1784563963944000,1.216519,5.703583,7.813204,-0.004477,-0.000281,0.001658,145
1784563963954000,1.226261,5.698859,7.827456,-0.005117,-0.001897,0.002093,146
1784563963964000,1.235831,5.698842,7.827340,-0.005105,-0.001867,0.001557,147
1784563963974000,1.226137,5.694018,7.817939,-0.002894,-0.000831,0.001626,148
1784563963984000,1.235767,5.694027,7.822600,-0.004628,-0.002935,0.001491,149
1784563963994000,1.240617,5.698833,7.827282,-0.005703,-0.002923,0.001490,150
1784563964004000,1.226256,5.694071,7.827494,-0.005093,-0.001837,0.001022,151
1784563964014000,1.226061,5.679629,7.813273,-0.005607,-0.001771,-0.000050,152
1784563964024000,1.226185,5.684470,7.822791,-0.004514,-0.001283,0.000520,153
1784563964034000,1.230976,5.689249,7.822695,-0.004937,0.000376,-0.000451,154
1784563964044000,1.235826,5.694054,7.827377,-0.003862,0.000364,-0.000450,155
1784563964054000,1.226196,5.694045,7.822716,-0.003885,0.000303,0.000621,156
1784563964064000,1.226132,5.689230,7.817976,-0.003276,0.001389,0.000153,157
1784563964074000,1.240546,5.689232,7.822579,-0.002690,0.002414,0.000756,158
1784563964084000,1.235761,5.689240,7.822637,-0.000515,0.002449,-0.000313,159
1784563964094000,1.240546,5.689232,7.822579,-0.000413,0.004071,-0.000748,160
1784563964105000,1.216615,5.684486,7.822907,0.000113,0.004035,-0.000212,161
1784563964114000,1.221417,5.698840,7.822737,0.000603,0.002997,-0.000814,162
1784563964124000,1.216637,5.703636,7.822758,0.001624,0.002393,0.000225,163
1784563964134000,1.216567,5.694035,7.818055,0.001594,0.001863,0.000191,164
1784563964144000,1.221293,5.693999,7.813220,-0.000665,0.000706,0.002264,165
1784563964154000,1.226143,5.698805,7.817902,-0.001698,0.001279,0.001761,166
1784563964164000,1.230803,5.693956,7.808326,-0.000653,0.000736,0.001729,167
1784563964174000,1.216508,5.694008,7.813278,-0.002236,0.001286,0.001761,168
1784563964184000,1.216561,5.689247,7.818092,-0.002224,0.001316,0.001225,169
1784563964195000,1.231046,5.698850,7.827398,-0.000115,0.000730,0.001729,170
1784563964205000,1.221293,5.693999,7.813220,-0.001130,0.001804,0.001795,171
1784563964215000,1.226126,5.684443,7.818013,-0.001728,0.000749,0.001728,172
1784563964225000,1.226196,5.694045,7.822716,-0.001160,0.001273,0.001762,173
1784563964235000,1.231035,5.689275,7.827473,-0.000581,0.001828,0.001260,174
1784563964245000,1.226196,5.694045,7.822716,-0.000049,0.001351,0.000156,175
1784563964255000,1.226191,5.689257,7.822753,0.000035,0.003384,0.001897,176
1784563964265000,1.216756,5.703689,7.832313,0.000549,0.002406,0.000224,177
1784563964275000,1.221411,5.694053,7.822774,0.000579,0.002937,0.000257,178
1784563964285000,1.226310,5.689310,7.832308,-0.000473,0.003010,-0.000815,179
1784563964295000,1.226196,5.694045,7.822716,0.000083,0.003504,-0.000245,180
1784563964305000,1.211900,5.694097,7.827668,0.001726,0.004016,-0.000210,181
1784563964315000,1.231030,5.684488,7.827510,0.000167,0.004626,-0.001250,182
1784563964325000,1.221417,5.698840,7.822737,0.001291,0.005645,-0.000646,183
1784563964335000,1.221476,5.698867,7.827515,0.002928,0.005686,-0.001716,184
1784563964345000,1.235772,5.698815,7.822563,0.004685,0.007850,-0.002651,185
1784563964355000,1.221423,5.703628,7.822700,0.004214,0.009389,-0.001480,186
1784563964365000,1.221465,5.689292,7.827589,0.004135,0.007826,-0.002116,187
1784563964375000,1.211900,5.694097,7.827668,0.005145,0.007193,-0.000542,188
1784563964385000,1.211787,5.698831,7.818076,0.003460,0.006120,-0.000075,189
1784563964395000,1.211847,5.698857,7.822854,0.003400,0.005058,-0.000142,190
1784563964405000,1.216643,5.708424,7.822721,0.003316,0.003937,0.000862,191
1784563964415000,1.206943,5.698812,7.813357,0.002180,0.002888,0.000794,192
1784563964425000,1.197432,5.698856,7.818251,0.001570,0.001802,0.001262,193
1784563964435000,1.202147,5.689246,7.813490,-0.000127,0.000700,0.002265,194
1784563964445000,1.202098,5.698794,7.808638,-0.002888,-0.000360,0.002731,195
1784563964455000,1.211847,5.698857,7.822854,-0.003491,-0.000975,0.004304,196
1784563964465000,1.206997,5.694051,7.818172,-0.001854,-0.000934,0.003234,197
1784563964475000,1.221411,5.694053,7.822774,-0.003014,-0.002043,0.004237,198
1784563964485000,1.230911,5.684434,7.817955,-0.003497,-0.001446,0.003199,199
1784563964495000,1.216621,5.689274,7.822870,-0.002876,-0.000330,0.002195,200
1784563964505000,1.211722,5.694016,7.813336,-0.001902,-0.001965,0.002632,201
1784563964515000,1.230846,5.679620,7.813216,-0.003425,-0.000354,0.002730,202
1784563964525000,1.221352,5.694026,7.817997,-0.002296,0.000224,0.001694,203
1784563964535000,1.197540,5.689334,7.827880,-0.003395,0.000177,0.002764,204
1784563964545000,1.207104,5.684530,7.827801,-0.002918,-0.000891,0.002697,205
1784563964555000,1.197556,5.703697,7.827768,-0.002972,-0.001482,0.003735,206
1784563964565000,1.202390,5.694139,7.832561,-0.001395,-0.002503,0.002599,207
1784563964575000,1.211906,5.698884,7.827631,-0.001449,-0.003094,0.003636,208
1784563964585000,1.192599,5.708412,7.813457,0.000667,-0.003209,0.005245,209
1784563964595000,1.230852,5.684408,7.813178,-0.000935,-0.003160,0.004708,210
1784563964605000,1.207045,5.684503,7.823023,-0.003098,-0.003165,0.005241,211
1784563964615000,1.178504,5.727694,7.832592,-0.001115,-0.005434,0.007252,212
1784563964625000,1.226072,5.689204,7.813199,-0.001061,-0.004843,0.006214,213
1784563964635000,1.230894,5.670072,7.818067,-0.002560,-0.003171,0.005242,214
1784563964645000,1.226239,5.679709,7.827605,-0.000844,-0.001568,0.004808,215
1784563964655000,1.216561,5.689247,7.818092,-0.000283,-0.001514,0.003738,216
1784563964665000,1.206985,5.684476,7.818246,-0.000253,-0.000983,0.003771,217
1784563964675000,1.211889,5.684522,7.827743,-0.000827,-0.001978,0.002633,218
1784563964685000,1.207115,5.694105,7.827726,0.000237,-0.002021,0.003169,219
1784563964695000,1.226250,5.689284,7.827531,-0.000301,-0.002015,0.003169,220
1784563964705000,1.211912,5.703671,7.827594,0.001868,-0.001539,0.003740,221
1784563964715000,1.212084,5.698964,7.841963,0.000823,-0.000996,0.003772,222
1784563964725000,1.221335,5.679664,7.818109,0.000823,-0.000996,0.003772,223
1784563964735000,1.221465,5.689292,7.827589,0.000255,-0.001520,0.003738,224
1784563964745000,1.221358,5.698813,7.817960,0.001808,-0.002601,0.003673,225
1784563964755000,1.221341,5.684451,7.818071,0.000213,-0.002081,0.004240,226
1784563964765000,1.221352,5.694026,7.817997,-0.000427,-0.003697,0.004675,227
1784563964775000,1.216556,5.684460,7.818130,0.000081,-0.004234,0.004642,228
1784563964785000,1.226066,5.684416,7.813236,-0.000487,-0.004759,0.004608,229
1784563964795000,1.240411,5.674816,7.813137,0.000111,-0.003703,0.004676,230
1784563964805000,1.207192,5.708493,7.832392,0.001120,-0.005248,0.003505,231
1784563964815000,1.245201,5.679595,7.813041,0.001150,-0.004717,0.003538,232
1784563964825000,1.206833,5.655698,7.808915,0.002255,-0.004199,0.003573,233
1784563964835000,1.216621,5.689274,7.822870,0.000564,-0.005743,0.002935,234
1784563964845000,1.159781,5.680066,7.871415,0.006692,-0.010275,0.006423,235
1784563964855000,1.255187,5.679765,7.846366,0.007128,-0.011904,0.006859,236
1784563964865000,1.250057,5.689188,7.817686,0.005211,-0.008103,0.006020,237
1784563964875000,1.202407,5.708502,7.832449,0.005665,-0.009231,0.007024,238
1784563964885000,1.216728,5.679752,7.832499,0.007714,-0.010879,0.007462,239
1784563964895000,1.240620,5.650985,7.832431,0.010294,-0.013004,0.006795,240
1784563964905000,1.240481,5.684418,7.817839,0.009714,-0.013558,0.007296,241
1784563964915000,1.211872,5.670159,7.827855,0.010060,-0.016779,0.007631,242
1784563964925000,1.240735,5.698886,7.836836,0.010718,-0.014663,0.007766,243
1784563964935000,1.211799,5.708405,7.818002,0.008580,-0.013696,0.009973,244
1784563964945000,1.226030,5.703539,7.808310,0.007856,-0.016434,0.011412,245
1784563964955000,1.240326,5.703487,7.803358,0.006948,-0.014178,0.009403,246
1784563964965000,1.225993,5.722662,7.803383,0.005825,-0.014286,0.011544,247
1784563964975000,1.245133,5.722629,7.803151,0.004792,-0.013712,0.011041,248
1784563964985000,1.254930,5.713144,7.822218,0.001028,-0.013668,0.011037,249
1784563964995000,1.245300,5.713134,7.817557,0.003088,-0.015285,0.010939,250
1784563965005000,1.264703,5.684508,7.841435,0.004169,-0.015739,0.009299,251
1784563965015000,1.245696,5.746806,7.845961,0.008240,-0.010915,0.007998,252
1784563965025000,1.273686,5.689013,7.793509,0.003628,-0.007553,0.006052,253
1784563965035000,1.240504,5.703568,7.817690,0.001567,-0.006847,0.003405,254
1784563965045000,1.250080,5.708338,7.817536,0.004196,-0.007029,0.006086,255
1784563965055000,1.259455,5.693879,7.803200,0.001531,-0.006937,0.005012,0
1784563965065000,1.249896,5.703470,7.803242,0.002117,-0.005912,0.005615,1
1784563965075000,1.259466,5.703454,7.803125,0.001561,-0.006406,0.005045,2
1784563965085000,1.264536,5.694004,7.827029,0.003175,-0.006425,0.005047,3
1784563965095000,1.250184,5.746664,7.822016,0.003652,-0.007493,0.004980,4
1784563965105000,1.269226,5.713092,7.817266,0.003700,-0.006462,0.005583,5
1784563965115000,1.264316,5.708259,7.807807,0.002243,-0.004229,0.004109,6
1784563965125000,1.264333,5.722621,7.807696,0.001724,-0.003722,0.004677,7
1784563965135000,1.235552,5.713070,7.803342,0.000588,-0.004771,0.004609,8
1784563965145000,1.249978,5.722647,7.807870,0.001030,-0.005930,0.006149,9
1784563965155000,1.249831,5.698657,7.798502,-0.001713,-0.006489,0.007184,10
1784563965165000,1.221095,5.727405,7.793850,-0.002550,-0.010879,0.009594,11
1784563965175000,1.245159,5.693931,7.808152,-0.003226,-0.012586,0.011635,12
1784563965185000,1.216358,5.717865,7.798760,-0.001967,-0.017592,0.015085,13
1784563965195000,1.230965,5.679674,7.822770,-0.000141,-0.022986,0.015823,14
1784563965205000,1.264997,5.732489,7.860172,0.002846,-0.026359,0.018303,15
1784563965215000,1.273909,5.727392,7.807542,0.002918,-0.025267,0.017835,16
1784563965226000,1.316887,5.703352,7.802428,0.000286,-0.015995,0.014652,17
1784563965236000,1.312209,5.693840,7.812115,-0.001487,-0.010922,0.010131,18
1784563965246000,1.297877,5.713015,7.812141,-0.000039,-0.005446,0.007253,19
1784563965256000,1.307489,5.698662,7.816913,0.001862,-0.002010,0.002635,20
1784563965266000,1.297877,5.713015,7.812141,-0.000103,0.000760,0.001194,21
1784563965276000,1.288194,5.717765,7.802665,-0.002038,0.004060,-0.000214,22
1784563965286000,1.269101,5.708251,7.807749,0.000239,0.005717,-0.001718,23
1784563965296000,1.283408,5.717774,7.802723,-0.003525,0.005762,-0.001722,24
1784563965306000,1.250063,5.693975,7.817648,-0.002503,0.005158,-0.000683,25
1784563965316000,1.273951,5.713057,7.812431,-0.001954,0.005182,-0.001218,26
1784563965326000,1.278674,5.660386,7.812783,-0.003041,0.005164,-0.000684,27
1784563965336000,1.274141,5.722712,7.826689,-0.001446,0.004645,-0.001251,28
1784563965346000,1.326520,5.655514,7.812239,-0.002945,0.006316,-0.002224,29
1784563965356000,1.259754,5.746647,7.821899,-0.001236,0.007449,-0.003762,30
1784563965366000,1.316901,5.665080,7.807503,-0.001684,0.009048,-0.003662,31
1784563965376000,1.264635,5.727542,7.831545,0.000539,0.010114,-0.004128,32
1784563965386000,1.326333,5.698495,7.792794,-0.002174,0.009175,-0.005805,33
1784563965396000,1.273714,5.712950,7.793322,-0.000918,0.012347,-0.005603,34
1784563965406000,1.240628,5.708408,7.827208,0.002822,0.012242,-0.004528,35
1784563965416000,1.288131,5.665103,7.803075,-0.001437,0.012854,-0.005034,36
1784563965426000,1.226171,5.722743,7.817715,0.000659,0.011326,-0.006739,37
1784563965436000,1.226191,5.689257,7.822753,0.001113,0.011109,-0.002990,38
1784563965446000,1.264536,5.694004,7.827029,-0.002234,0.008113,-0.005872,39
1784563965456000,1.231075,5.722787,7.827212,0.005171,0.014991,-0.006501,40
1784563965466000,1.221050,5.689106,7.794148,0.004423,0.011282,-0.006736,41
1784563965476000,1.245046,5.698665,7.798560,0.002678,0.009148,-0.006336,42
1784563965486000,1.254912,5.698781,7.822330,0.003687,0.008514,-0.004761,43
1784563965496000,1.254752,5.713064,7.807887,0.003066,0.007399,-0.003758,44
1784563965506000,1.264316,5.708259,7.807807,0.002002,0.007441,-0.004294,45
1784563965516000,1.240337,5.713062,7.803284,0.001380,0.006326,-0.003291,46
1784563965526000,1.230809,5.698743,7.808289,0.000281,0.006278,-0.002220,47
1784563965536000,1.240391,5.708302,7.808098,-0.000836,0.005730,-0.001719,48
1784563965546000,1.226143,5.698805,7.817902,-0.003639,0.004109,-0.000751,49
1784563965556000,1.245170,5.703506,7.808077,-0.002026,0.004090,-0.000750,50
1784563965566000,1.245170,5.703506,7.808077,-0.002026,0.004090,-0.000750,51
1784563965576000,1.240509,5.708355,7.817653,-0.001984,0.004651,-0.001252,52
1784563965586000,1.244998,5.708213,7.793708,-0.001912,0.005743,-0.001720,53
1784563965596000,1.240326,5.703487,7.803358,-0.001786,0.007425,-0.003227,54
1784563965606000,1.240391,5.708302,7.808098,-0.002396,0.006340,-0.002759,55
1784563965616000,1.235730,5.713151,7.817674,-0.003483,0.006323,-0.002224,56
1784563965626000,1.230761,5.708292,7.803437,-0.004051,0.005798,-0.002258,57
1784563965636000,1.230874,5.703557,7.813029,-0.004726,0.004092,-0.000217,58
1784563965646000,1.245176,5.708293,7.808040,-0.004841,0.002439,0.000754,59
1784563965656000,1.235654,5.698761,7.813008,-0.004871,0.001908,0.000720,60
1784563965666000,1.240492,5.693993,7.817764,-0.005438,0.001384,0.000686,61
1784563965676000,1.245289,5.703559,7.817632,-0.004327,0.002373,0.001826,62
1784563965686000,1.245153,5.689143,7.808189,-0.004780,0.003501,0.000821,63
1784563965696000,1.235589,5.693947,7.808268,-0.005378,0.002445,0.000753,64
1784563965706000,1.250003,5.693949,7.812871,-0.005348,0.002976,0.000787,65
1784563965716000,1.240504,5.703568,7.817690,-0.005868,0.003483,0.001355,66
1784563965726000,1.235696,5.684426,7.817897,-0.004768,0.003531,0.000285,67
1784563965736000,1.235654,5.698761,7.813008,-0.006447,0.002929,0.001857,68
1784563965746000,1.231046,5.698850,7.827398,-0.004780,0.003501,0.000821,69
1784563965756000,1.245337,5.694011,7.822484,-0.005336,0.003006,0.000251,70
1784563965766000,1.250111,5.684427,7.822500,-0.004080,0.006178,0.000453,71
1784563965776000,1.240580,5.717957,7.822356,-0.002467,0.006159,0.000455,72
1784563965786000,1.235707,5.694001,7.817822,-0.003966,0.007831,-0.000517,73
1784563965796000,1.211864,5.713220,7.822742,-0.003954,0.007861,-0.001053,74
1784563965806000,1.235637,5.684399,7.813120,-0.001899,0.006684,0.000489,75
1784563965816000,1.221228,5.689185,7.808480,-0.003561,0.005671,-0.000115,76
1784563965826000,1.250088,5.665277,7.822649,-0.005676,0.005787,-0.001724,77
1784563965836000,1.221682,5.722884,7.841660,-0.001326,0.006768,-0.001117,78
1784563965846000,1.250204,5.713179,7.827054,-0.002366,0.006871,-0.002725,79
1784563965856000,1.211900,5.694097,7.827668,-0.000644,0.008945,-0.002054,80
1784563965866000,1.254848,5.693967,7.817590,-0.003285,0.009097,-0.004199,81
1784563965876000,1.216697,5.703663,7.827536,-0.001617,0.010580,-0.002490,82
1784563965886000,1.250034,5.670038,7.817834,-0.004468,0.007928,-0.002125,83
1784563965896000,1.221504,5.722804,7.827328,-0.002849,0.008379,-0.001018,84
1784563965906000,1.230846,5.679620,7.813216,-0.000733,0.008264,0.000591,85
1784563965916000,1.207132,5.708467,7.827615,-0.001296,0.007299,-0.001084,86
1784563965926000,1.216686,5.694088,7.827610,-0.000908,0.005550,0.001494,87
1784563965936000,1.273641,5.650713,7.793807,-0.003864,0.009453,-0.000952,88
1784563965946000,1.221592,5.746768,7.831919,-0.002873,0.007408,-0.002692,89
1784563965956000,1.221592,5.646285,7.842256,0.000642,0.012648,-0.001818,90
1784563965966000,1.183147,5.708483,7.823128,0.000443,0.008962,-0.002588,91
1784563965976000,1.259848,5.674915,7.836790,-0.001061,0.011074,-0.001920,92
1784563965986000,1.207146,5.670194,7.832689,-0.001007,0.011665,-0.002958,93
1784563965996000,1.187916,5.694112,7.823182,-0.000614,0.009476,-0.002020,94
1784563966006000,1.221442,5.670142,7.827738,0.001095,0.010609,-0.003559,95
1784563966016000,1.178416,5.703730,7.828001,0.002738,0.010209,-0.006269,96
1784563966026000,1.250159,5.674879,7.827352,0.004658,0.015058,-0.007572,97
1784563966036000,1.202158,5.698821,7.813416,0.004216,0.016216,-0.009113,98
1784563966046000,1.183142,5.703695,7.823165,0.004639,0.014557,-0.008141,99
1784563966056000,1.211895,5.689309,7.827705,0.003904,0.011789,-0.006167,100
1784563966066000,1.178368,5.713278,7.823149,0.004363,0.010220,-0.006803,101
1784563966076000,1.183131,5.694120,7.823240,0.003753,0.009135,-0.006334,102
1784563966086000,1.197545,5.694122,7.827843,0.002128,0.009124,-0.005800,103
1784563966096000,1.207050,5.689291,7.822986,0.002654,0.009088,-0.005264,104
1784563966106000,1.192777,5.708492,7.827789,0.002026,0.007502,-0.005365,105
1784563966116000,1.197556,5.703697,7.827768,0.002438,0.005813,-0.003859,106
1784563966126000,1.187868,5.703660,7.818329,0.002354,0.004691,-0.002854,107
1784563966136000,1.197545,5.694122,7.827843,0.001834,0.005198,-0.002286,108
1784563966146000,1.197491,5.698883,7.823028,0.000710,0.004179,-0.002889,109
1784563966156000,1.202330,5.694113,7.827785,0.002342,0.004661,-0.002319,110
1784563966166000,1.197443,5.708431,7.818176,0.001804,0.004667,-0.002319,111
1784563966176000,1.187856,5.694085,7.818404,0.001732,0.003575,-0.001851,112
1784563966186000,1.183077,5.698881,7.818425,0.002240,0.003038,-0.001884,113
1784563966196000,1.211836,5.689282,7.822928,0.002342,0.004661,-0.002319,114
1784563966206000,1.202223,5.703635,7.818155,0.003471,0.005239,-0.003355,115
1784563966216000,1.183153,5.713270,7.823091,0.002963,0.005776,-0.003322,116
1784563966226000,1.183142,5.703695,7.823165,0.003555,0.006361,-0.004360,117
1784563966236000,1.197379,5.703617,7.813437,0.003627,0.007452,-0.004828,118
1784563966246000,1.197350,5.679679,7.813622,0.003675,0.008484,-0.004226,119
1784563966257000,1.178410,5.698943,7.828038,0.004745,0.008001,-0.005329,120
1784563966267000,1.187921,5.698899,7.823144,0.005844,0.008048,-0.006399,121
1784563966277000,1.207186,5.703706,7.832429,0.007799,0.012987,-0.009310,122
1784563966287000,1.192653,5.703651,7.818271,0.011260,0.016725,-0.010143,123
1784563966297000,1.187975,5.694139,7.827959,0.008535,0.015755,-0.011284,124
1784563966307000,1.178470,5.698969,7.832815,0.009557,0.015151,-0.010245,125
1784563966317000,1.207062,5.698865,7.822912,0.007364,0.014616,-0.009745,126
1784563966327000,1.168750,5.722844,7.818413,0.007340,0.014556,-0.008674,127
1784563966337000,1.173685,5.698977,7.832873,0.007878,0.014549,-0.008674,128
1784563966347000,1.183255,5.698961,7.832757,0.008613,0.016406,-0.013393,129
1784563966357000,1.173577,5.708499,7.823244,0.013083,0.019510,-0.012652,130
1784563966367000,1.159400,5.708604,7.837750,0.014369,0.022302,-0.015162,131
1784563966377000,1.207039,5.679716,7.823061,0.015351,0.028876,-0.018508,132
1784563966387000,1.163775,5.713197,7.804214,0.017096,0.031010,-0.018908,133
1784563966397000,1.154324,5.713267,7.813885,0.013617,0.026772,-0.018644,134
1784563966407000,1.178303,5.708464,7.818408,0.011382,0.025675,-0.017642,135
1784563966417000,1.130469,5.722911,7.818878,0.009504,0.021387,-0.016840,136
1784563966427000,1.144771,5.727646,7.813890,0.009790,0.018016,-0.013827,137
1784563966437000,1.135087,5.732398,7.804414,0.006186,0.013006,-0.009311,138
1784563966447000,1.130356,5.727645,7.809287,0.006640,0.011878,-0.008307,139
1784563966457000,1.149409,5.703647,7.804463,0.005432,0.009737,-0.007906,140
1784563966467000,1.130339,5.713283,7.809399,0.005288,0.007554,-0.006969,141
1784563966477000,1.144830,5.727673,7.818666,0.003071,0.006958,-0.005398,142
1784563966487000,1.120597,5.718008,7.795146,0.001804,0.004667,-0.002319,143
1784563966497000,1.130441,5.698974,7.819065,0.002705,0.001940,-0.001415,144
1784563966507000,1.130322,5.698920,7.809510,0.004228,0.000329,-0.001513,145
1784563966517000,1.154279,5.674968,7.814183,0.006319,-0.000758,-0.001578,146
1784563966527000,1.149581,5.698940,7.818832,0.006421,0.000865,-0.002013,147
1784563966537000,1.140017,5.703744,7.818911,0.008512,-0.000222,-0.002078,148
1784563966547000,1.130404,5.718097,7.814138,0.008404,-0.001404,-0.000003,149
1784563966557000,1.092092,5.742075,7.809640,0.006974,-0.006379,0.003444,150
1784563966567000,1.120882,5.708566,7.819106,0.005683,-0.009642,0.004849,151
1784563966577000,1.130362,5.732432,7.809249,0.006281,-0.008586,0.004916,152
1784563966587000,1.111286,5.737280,7.814222,0.008324,-0.009794,0.006994,153
1784563966597000,1.125506,5.722839,7.804605,0.005508,-0.012356,0.005752,154
1784563966607000,1.125616,5.765953,7.809047,0.005466,-0.012917,0.006254,155
1784563966617000,1.144694,5.713257,7.809224,0.004923,-0.012470,0.007894,156
1784563966627000,1.154098,5.722736,7.794702,0.002402,-0.010195,0.005883,157
1784563966637000,1.120808,5.746812,7.809254,0.001751,-0.011841,0.006853,158
1784563966647000,1.149573,5.742000,7.813720,-0.000019,-0.014036,0.008324,159
1784563966657000,1.144675,5.746743,7.804186,0.000072,-0.012443,0.008425,160
1784563966667000,1.144723,5.737195,7.809038,0.000060,-0.012473,0.008960,161
1784563966677000,1.159061,5.722807,7.808975,-0.000310,-0.010223,0.006952,162
1784563966687000,1.144658,5.732380,7.804297,-0.000818,-0.009686,0.006985,163
1784563966697000,1.178196,5.717986,7.808780,-0.001337,-0.009179,0.007553,164
1784563966707000,1.154363,5.746779,7.813624,-0.001893,-0.009674,0.006983,165
1784563966717000,1.154524,5.732497,7.828068,-0.000788,-0.009155,0.007018,166
1784563966727000,1.135164,5.746787,7.809080,-0.000274,-0.009222,0.008090,167
1784563966737000,1.178196,5.717986,7.808780,-0.001337,-0.009179,0.007553,168
1784563966747000,1.168679,5.713242,7.813711,-0.001635,-0.005838,0.005076,169
1784563966757000,1.182986,5.722765,7.808684,-0.000427,-0.003697,0.004675,170
1784563966767000,1.173394,5.703632,7.808949,0.002441,-0.001455,0.002134,171
1784563966777000,1.168685,5.718029,7.813673,0.002586,0.000728,0.001196,172
1784563966787000,1.163809,5.741921,7.803990,0.003757,0.001867,-0.000342,173
1784563966797000,1.144717,5.732407,7.809075,0.003123,0.000722,0.001197,174
1784563966807000,1.159083,5.741957,7.808826,0.001964,-0.000387,0.002200,175
1784563966817000,1.159089,5.746744,7.808789,0.002502,-0.000394,0.002201,176
1784563966827000,1.158931,5.713179,7.799495,0.002418,-0.001515,0.003205,177
1784563966837000,1.163775,5.713197,7.804214,0.001934,-0.000918,0.002167,178
1784563966847000,1.163840,5.718011,7.808954,0.002544,0.000167,0.001699,179
1784563966857000,1.149431,5.722797,7.804314,0.001976,-0.000357,0.001665,180
1784563966867000,1.140056,5.737257,7.818650,0.002841,-0.003174,0.004176,181
1784563966877000,1.173357,5.722755,7.804023,0.002853,-0.003144,0.003641,182
1784563966887000,1.154168,5.732337,7.799404,0.002231,-0.004260,0.004644,183
1784563966897000,1.154298,5.741965,7.808884,0.002673,-0.005418,0.006185,184
1784563966907000,1.173362,5.727542,7.803986,0.002673,-0.005418,0.006185,185
1784563966917000,1.178083,5.722720,7.799188,0.001174,-0.003746,0.005212,186
1784563966927000,1.178249,5.713225,7.813594,0.001850,-0.002040,0.003171,187
1784563966937000,1.173433,5.737144,7.808689,0.002997,-0.000961,0.002703,188
1784563966947000,1.154228,5.732364,7.804181,0.003505,-0.001498,0.002670,189
1784563966957000,1.159126,5.727621,7.813715,0.004031,-0.001534,0.003206,190
1784563966967000,1.168631,5.722790,7.808859,0.003941,-0.003127,0.003106,191
1784563966977000,1.163804,5.737134,7.804028,0.004496,-0.002632,0.003676,192
1784563966987000,1.173326,5.746666,7.799060,0.003421,-0.002620,0.003675,193
1784563966997000,1.168642,5.732365,7.808784,0.002937,-0.002022,0.002636,194
1784563967007000,1.173303,5.727516,7.799209,0.001892,-0.001479,0.002669,195
1784563967017000,1.173362,5.727542,7.803986,0.001964,-0.000387,0.002200,196
1784563967027000,1.159055,5.718019,7.809012,0.002429,-0.001485,0.002669,197
1784563967037000,1.163852,5.727586,7.808880,0.002967,-0.001492,0.002670,198
1784563967047000,1.154222,5.727576,7.804218,0.002895,-0.002583,0.003138,199
1784563967057000,1.144717,5.732407,7.809075,0.002262,-0.003729,0.004678,200
1784563967067000,1.173492,5.737171,7.813466,0.004412,-0.003754,0.004680,201
1784563967077000,1.154239,5.741939,7.804107,0.004352,-0.004816,0.004613,202
1784563967087000,1.173416,5.722782,7.808801,0.004902,-0.004792,0.004078,203
1784563967097000,1.168447,5.717923,7.794564,0.003857,-0.004248,0.004110,204
1784563967107000,1.182933,5.727526,7.803870,0.004986,-0.003670,0.003074,205
1784563967117000,1.144539,5.732327,7.794743,0.005530,-0.003206,0.004179,206
1784563967127000,1.173179,5.722675,7.789691,0.005440,-0.004798,0.004078,207
1784563967137000,1.168609,5.703640,7.809008,0.004310,-0.005376,0.005115,208
1784563967147000,1.163761,5.751470,7.799139,0.002027,-0.007504,0.005514,209
1784563967157000,1.125399,5.732361,7.794976,0.001907,-0.008716,0.008125,210
1784563967167000,1.197070,5.693909,7.789624,0.002355,-0.010315,0.008025,211
1784563967177000,1.206810,5.737032,7.798728,0.001853,-0.010219,0.006418,212
1784563967187000,1.149431,5.722797,7.804314,0.002851,-0.010882,0.008528,213
1784563967197000,1.206417,5.755995,7.765137,0.002808,-0.012354,0.006285,214
1784563967207000,1.140067,5.746831,7.818576,0.001189,-0.011895,0.007924,215
1784563967217000,1.192336,5.737004,7.789347,0.003926,-0.010895,0.008529,216
1784563967227000,1.211513,5.717847,7.794041,0.001261,-0.010803,0.007455,217
1784563967237000,1.192644,5.746712,7.813159,0.002451,-0.009163,0.006486,218
1784563967247000,1.216411,5.713104,7.803575,0.002499,-0.008132,0.007088,219
1784563967257000,1.173218,5.756187,7.789431,0.002069,-0.006944,0.005012,220
1784563967267000,1.173357,5.722755,7.804023,0.000886,-0.008113,0.007087,221
1784563967278000,1.178040,5.737056,7.794299,0.000796,-0.009705,0.006986,222
1784563967288000,1.201836,5.727386,7.784528,0.002935,-0.009761,0.007524,223
1784563967298000,1.187642,5.713129,7.799146,0.002583,-0.007010,0.006084,224
1784563967308000,1.187692,5.756216,7.798811,0.001345,-0.009681,0.006451,225
1784563967318000,1.216315,5.732201,7.793871,0.002027,-0.007504,0.005514,226
1784563967328000,1.202067,5.722704,7.803674,0.002739,-0.004797,0.004611,227
1784563967338000,1.192396,5.737031,7.794125,0.003917,-0.003187,0.004177,228
1784563967348000,1.182938,5.732313,7.803833,0.004932,-0.004261,0.004111,229
1784563967358000,1.178074,5.765780,7.794075,0.005446,-0.004328,0.005183,230
1784563967368000,1.178100,5.737082,7.799077,0.004298,-0.005407,0.005651,231
1784563967378000,1.192413,5.751393,7.794013,0.002685,-0.005388,0.005649,232
1784563967388000,1.173218,5.756187,7.789431,0.002673,-0.005418,0.006185,233
1784563967398000,1.197311,5.746650,7.803546,0.002129,-0.005882,0.005079,234
1784563967408000,1.206756,5.741793,7.793913,0.001694,-0.004253,0.004644,235
1784563967418000,1.197251,5.746624,7.798769,0.002841,-0.003174,0.004176,236
1784563967428000,1.197181,5.737022,7.794066,0.001808,-0.002601,0.003673,237
1784563967438000,1.182885,5.737074,7.799018,0.000744,-0.002558,0.003136,238
1784563967448000,1.187740,5.746667,7.803662,0.002811,-0.003705,0.004143,239
1784563967458000,1.192277,5.736977,7.784570,0.001675,-0.004754,0.004075,240
1784563967468000,1.187670,5.737066,7.798960,0.001096,-0.005308,0.004576,241
1784563967478000,1.187610,5.737039,7.794183,0.002183,-0.005291,0.004042,242
1784563967488000,1.173326,5.746666,7.799060,0.001508,-0.006997,0.006083,243
1784563967498000,1.216250,5.727387,7.789131,0.000994,-0.006931,0.005011,244
1784563967508000,1.187605,5.732252,7.794220,0.002027,-0.007504,0.005514,245
1784563967518000,1.182707,5.736994,7.784687,0.002595,-0.006980,0.005548,246
1784563967528000,1.201847,5.736960,7.784454,0.000372,-0.008046,0.006015,247
1784563967538000,1.197085,5.756119,7.784363,0.000982,-0.006961,0.005547,248
1784563967548000,1.197138,5.751358,7.789177,0.002039,-0.007474,0.004979,249
1784563967558000,1.201788,5.736934,7.779676,0.001012,-0.006430,0.005580,250
1784563967568000,1.211417,5.736944,7.784338,0.001000,-0.006460,0.006116,251
1784563967578000,1.192240,5.756100,7.779644,0.000976,-0.006521,0.007187,252
1784563967588000,1.211477,5.736970,7.789114,-0.000704,-0.008034,0.006014,253
1784563967598000,1.211547,5.746572,7.793818,-0.000064,-0.006418,0.005579,254
1784563967608000,1.197079,5.751331,7.784400,0.001084,-0.005339,0.005112,255
1784563967618000,1.225742,5.760829,7.779200,0.002220,-0.004290,0.005180,0
1784563967628000,1.206762,5.746580,7.793876,0.001784,-0.002661,0.004744,1
1784563967638000,1.206703,5.746553,7.789098,0.000153,-0.003143,0.004173,2
1784563967648000,1.206643,5.746527,7.784321,0.000279,-0.001460,0.002667,3
1784563967658000,1.201977,5.746589,7.793934,0.000381,0.000163,0.002232,4
1784563967668000,1.201966,5.737014,7.794008,-0.001819,-0.000844,0.001627,5
1784563967678000,1.173272,5.751427,7.794245,-0.002918,-0.000891,0.002697,6
1784563967688000,1.187497,5.741773,7.784591,-0.004119,-0.002561,0.004203,7
1784563967698000,1.201793,5.741721,7.779639,-0.004699,-0.003116,0.004704,8
1784563967708000,1.197133,5.746571,7.789215,-0.004173,-0.003152,0.005240,9
1784563967718000,1.216375,5.732228,7.798648,-0.004203,-0.003683,0.005207,10
1784563967728000,1.202019,5.732253,7.798823,-0.003182,-0.004287,0.006246,11
1784563967738000,1.206680,5.727404,7.789247,-0.002590,-0.003702,0.005208,12
1784563967748000,1.201853,5.741748,7.784417,-0.003170,-0.004257,0.005710,13
1784563967758000,1.216310,5.727414,7.793908,-0.002644,-0.004293,0.006246,14
1784563967768000,1.197192,5.746597,7.793992,-0.004927,-0.006421,0.006646,15
1784563967778000,1.201918,5.746562,7.789156,-0.005507,-0.006975,0.007147,16
1784563967788000,1.211471,5.732183,7.789152,-0.006056,-0.006999,0.007682,17
1784563967798000,1.216256,5.732174,7.789093,-0.006678,-0.008115,0.008686,18
1784563967808000,1.216321,5.736989,7.793834,-0.006164,-0.008181,0.009758,19
1784563967818000,1.201858,5.746535,7.784379,-0.007360,-0.010292,0.009623,20
1784563967828000,1.216321,5.736989,7.793834,-0.008012,-0.011938,0.010593,21
1784563967838000,1.182777,5.746596,7.789389,-0.007056,-0.013163,0.013205,22
1784563967848000,1.240300,5.732186,7.798357,-0.009021,-0.010393,0.011763,23
1784563967858000,1.230682,5.741751,7.793622,-0.008195,-0.006033,0.009890,24
1784563967868000,1.220982,5.732139,7.784258,-0.007053,-0.005424,0.008317,25
1784563967878000,1.225821,5.727370,7.789014,-0.006981,-0.004333,0.007849,26
1784563967888000,1.221089,5.722618,7.793887,-0.005882,-0.004285,0.006779,27
1784563967898000,1.225999,5.727450,7.803346,-0.005291,-0.003700,0.005741,28
1784563967908000,1.225999,5.727450,7.803346,-0.004735,-0.003206,0.006311,29
1784563967918000,1.221100,5.732193,7.793813,-0.003605,-0.002628,0.005274,30
1784563967928000,1.221052,5.741741,7.788961,-0.002512,-0.002140,0.005845,31
1784563967938000,1.221035,5.727378,7.789073,-0.003079,-0.002664,0.005811,32
1784563967948000,1.221154,5.727432,7.798627,-0.003605,-0.002628,0.005274,33
1784563967958000,1.221256,5.713122,7.808294,-0.005267,-0.003640,0.004670,34
1784563967968000,1.216298,5.717839,7.793983,-0.005267,-0.003640,0.004670,35
1784563967978000,1.216363,5.722653,7.798723,-0.004729,-0.003647,0.004671,36
1784563967988000,1.216358,5.717865,7.798760,-0.004251,-0.004714,0.004604,37
1784563967998000,1.225880,5.727397,7.793792,-0.004335,-0.005836,0.005608,38
1784563968008000,1.211677,5.756200,7.803297,-0.004903,-0.006361,0.005574,39
1784563968018000,1.235456,5.732167,7.793638,-0.004401,-0.006457,0.007182,40
1784563968028000,1.245052,5.703453,7.798523,-0.004311,-0.004865,0.007282,41
1784563968038000,1.235343,5.736901,7.784047,-0.002764,-0.006416,0.006112,42
1784563968048000,1.230600,5.722574,7.788993,-0.004269,-0.004304,0.006780,43
1784563968058000,1.197073,5.746544,7.784438,-0.004383,-0.005957,0.007751,44
1784563968068000,1.244961,5.727336,7.788782,-0.006152,-0.008151,0.009222,45
1784563968078000,1.240283,5.717824,7.798470,-0.004975,-0.006541,0.008788,46
1784563968088000,1.221154,5.727432,7.798627,-0.006606,-0.007023,0.008217,47
1784563968098000,1.197229,5.727474,7.798918,-0.005143,-0.008785,0.010796,48
1784563968108000,1.268977,5.703411,7.798232,-0.004176,-0.010890,0.010128,49
1784563968118000,1.202262,5.737147,7.817894,-0.002914,-0.008159,0.008690,50
1784563968128000,1.235402,5.736928,7.788824,-0.003082,-0.010402,0.010698,51
1784563968138000,1.249865,5.727381,7.798279,-0.005873,-0.011993,0.011131,52
1784563968148000,1.245091,5.736965,7.798262,-0.005782,-0.010401,0.011231,53
1784563968158000,1.269036,5.703437,7.803009,-0.004437,-0.006548,0.008789,54
1784563968168000,1.240337,5.713062,7.803284,-0.005870,-0.004255,0.006243,55
1784563968178000,1.240413,5.727451,7.807949,-0.004071,-0.001530,0.004805,56
1784563968188000,1.245085,5.732177,7.798299,-0.003545,-0.001566,0.005341,57
1784563968198000,1.259322,5.732099,7.788570,-0.004071,-0.001530,0.004805,58
1784563968208000,1.245133,5.722629,7.803151,-0.002977,-0.001042,0.005375,59
1784563968218000,1.249983,5.727434,7.807833,-0.003443,0.000056,0.004906,60
1784563968228000,1.235557,5.717858,7.803305,-0.004458,0.001130,0.004972,61
1784563968238000,1.249924,5.727407,7.803056,-0.003867,0.001715,0.003935,62
1784563968248000,1.240348,5.722637,7.803209,-0.004434,0.001191,0.003901,63
1784563968258000,1.249876,5.736956,7.798204,-0.003843,0.001775,0.002864,64
1784563968268000,1.245128,5.717841,7.803188,-0.002779,0.001733,0.003401,65
1784563968278000,1.245133,5.722629,7.803151,-0.004338,0.002343,0.002361,66
1784563968288000,1.249978,5.722647,7.807870,-0.003687,0.003989,0.001391,67
1784563968298000,1.249989,5.732222,7.807796,-0.003065,0.005104,0.000387,68
1784563968309000,1.245133,5.722629,7.803151,-0.003567,0.005201,-0.001220,69
1784563968319000,1.245187,5.717868,7.807966,-0.005760,0.004665,-0.000720,70
1784563968329000,1.245181,5.713080,7.808003,-0.004129,0.005147,-0.000149,71
1784563968339000,1.254703,5.722612,7.803035,-0.004624,0.005714,-0.000652,72
1784563968349000,1.235504,5.722619,7.798491,-0.004612,0.005744,-0.001187,73
1784563968359000,1.235622,5.722672,7.808045,-0.005162,0.005720,-0.000652,74
1784563968369000,1.221332,5.727511,7.812959,-0.004147,0.004646,-0.000718,75
1784563968379000,1.245150,5.736991,7.803039,-0.004715,0.004122,-0.000752,76
1784563968389000,1.207172,5.741979,7.827354,-0.002569,0.004537,0.000890,77
1784563968399000,1.240323,5.751336,7.798209,-0.004189,0.004085,-0.000216,78
1784563968409000,1.216584,5.708397,7.817944,-0.002497,0.005629,0.000421,79
1784563968419000,1.230546,5.727335,7.784179,-0.005168,0.005250,-0.001757,80
1784563968429000,1.202050,5.708342,7.803786,-0.003017,0.006136,0.000990,81
1784563968439000,1.240300,5.732186,7.798357,-0.004624,0.005714,-0.000652,82
1784563968449000,1.206949,5.703599,7.813320,-0.004092,0.006148,0.000989,83
1784563968459000,1.269047,5.713012,7.802935,-0.008449,0.004697,-0.000723,84
1784563968469000,1.207101,5.732378,7.822651,-0.003017,0.005225,-0.001755,85
1784563968479000,1.259627,5.689171,7.817569,-0.001285,0.006418,-0.004364,86
1784563968489000,1.188128,5.722916,7.837290,0.003838,0.011168,-0.004594,87
1784563968499000,1.192421,5.708333,7.799125,0.002636,0.008587,-0.005833,88
1784563968509000,1.249834,5.650808,7.803651,-0.000005,0.009650,-0.005234,89
1784563968519000,1.230939,5.708372,7.817769,0.002978,0.013544,-0.008746,90
1784563968529000,1.269138,5.689128,7.812676,0.005345,0.016794,-0.010149,91
1784563968539000,1.207079,5.713228,7.822800,0.005284,0.014822,-0.012961,92
1784563968549000,1.202186,5.722758,7.813229,0.009019,0.015158,-0.010246,93
1784563968559000,1.245201,5.679595,7.813041,0.007429,0.015237,-0.011319,94
1784563968569000,1.192568,5.732323,7.808494,0.008433,0.014132,-0.010849,95
1784563968579000,1.235541,5.703496,7.803416,0.010430,0.019632,-0.014262,96
1784563968589000,1.273810,5.693853,7.803026,0.010354,0.025808,-0.019785,97
1784563968599000,1.207166,5.737192,7.827391,0.012775,0.029649,-0.022227,98
1784563968609000,1.197336,5.717952,7.808547,0.010426,0.026900,-0.020254,99
1784563968619000,1.197147,5.708298,7.794290,0.008687,0.025236,-0.018749,100
1784563968629000,1.182944,5.737101,7.803795,0.007152,0.026817,-0.018115,101
1784563968639000,1.187949,5.722836,7.822958,0.008234,0.027275,-0.017009,102
1784563968649000,1.178142,5.722746,7.803965,0.008030,0.024030,-0.016139,103
1784563968659000,1.206723,5.713068,7.794136,0.006387,0.023518,-0.016174,104
1784563968669000,1.173357,5.722755,7.804023,0.004533,0.020202,-0.013698,105
1784563968679000,1.163679,5.732294,7.794510,0.003786,0.017404,-0.011189,106
1784563968689000,1.130076,5.741874,7.785289,0.002906,0.012453,-0.008277,107
1784563968699000,1.187582,5.713102,7.794369,0.001227,0.011851,-0.006705,108
1784563968709000,1.130438,5.746821,7.813915,0.000938,0.007484,-0.004831,109
1784563968719000,1.197282,5.722713,7.803732,0.000233,0.005247,-0.002823,110
1784563968729000,1.163900,5.718038,7.813732,-0.001434,0.004675,-0.001787,111
1784563968739000,1.173303,5.727516,7.799209,-0.000485,0.002980,-0.000280,112
1784563968749000,1.192444,5.727482,7.798976,-0.001525,0.003082,-0.001887,113
1784563968759000,1.178088,5.727508,7.799151,-0.000939,0.004108,-0.001284,114
1784563968769000,1.163792,5.727559,7.804102,-0.003204,0.002480,-0.000316,115
1784563968779000,1.168648,5.737153,7.808747,-0.001656,0.001840,0.001259,116
1784563968789000,1.163965,5.722852,7.818471,-0.002224,0.001316,0.001225,117
1784563968799000,1.168659,5.746727,7.808672,-0.002900,-0.000391,0.003267,118
1784563968809000,1.178148,5.727534,7.803928,-0.004657,-0.002555,0.004202,119
1784563968819000,1.178201,5.722773,7.808743,-0.003635,-0.003159,0.005241,120
1784563968829000,1.182986,5.722765,7.808684,-0.004645,-0.002525,0.003667,121
1784563968839000,1.187831,5.722783,7.813404,-0.005176,-0.002048,0.004771,122
1784563968849000,1.178218,5.737135,7.808631,-0.005744,-0.002572,0.004737,123
1784563968859000,1.187831,5.722783,7.813404,-0.004669,-0.002585,0.004738,124
1784563968869000,1.173362,5.727542,7.803986,-0.004555,-0.000932,0.003767,125
1784563968879000,1.173416,5.722782,7.808801,-0.003491,-0.000975,0.004304,126
1784563968889000,1.192545,5.713173,7.808642,-0.004967,0.000756,0.002260,127
1784563968899000,1.182981,5.717978,7.808722,-0.003849,0.001305,0.001759,128
1784563968909000,1.187885,5.718022,7.818218,-0.003735,0.002957,0.000788,129
1784563968919000,1.178309,5.713252,7.818371,-0.003161,0.003952,0.001927,130
1784563968929000,1.168739,5.713269,7.818488,-0.003585,0.005611,0.000956,131
1784563968939000,1.178255,5.718012,7.813557,-0.003029,0.006106,0.001526,132
1784563968949000,1.178244,5.708437,7.813632,-0.001887,0.006714,-0.000047,133
1784563968959000,1.173394,5.703632,7.808949,0.000240,0.006629,0.001027,134
1784563968969000,1.163835,5.713223,7.808991,0.001297,0.006115,0.000459,135
1784563968979000,1.154120,5.741886,7.794552,0.002349,0.006042,0.001531,136
1784563968989000,1.187777,5.727544,7.808589,0.001823,0.006079,0.000995,137
1784563968999000,1.178216,5.684500,7.813818,0.001129,0.003872,0.002467,138
1784563969009000,1.187729,5.737092,7.803737,0.000161,0.005066,0.000391,139
1784563969019000,1.206861,5.679636,7.808729,-0.004164,0.005057,0.001458,140
1784563969029000,1.164112,5.746842,7.827840,-0.001978,0.005122,-0.000147,141
1784563969039000,1.168676,5.761090,7.808561,-0.001494,0.004524,0.000891,142
1784563969049000,1.130599,5.732539,7.828359,0.001123,0.003401,0.001362,143
1784563969059000,1.163665,5.770566,7.789435,0.001086,0.002400,0.000224,144
1784563969069000,1.159129,5.679773,7.818865,0.001399,0.007738,0.000024,145
1784563969079000,1.206652,5.703466,7.789433,-0.002880,0.006937,-0.003797,146
1784563969089000,1.116546,5.737485,7.852382,0.003658,0.008894,-0.002050,147
1784563969099000,1.211581,5.674813,7.803930,0.002231,0.011658,-0.003491,148
1784563969109000,1.145062,5.722992,7.837813,0.002069,0.008973,-0.003122,149
1784563969119000,1.173563,5.746772,7.818169,0.003526,0.006741,-0.001648,150
1784563969129000,1.140195,5.703824,7.833243,0.005593,0.005594,-0.000642,151
1784563969139000,1.178043,5.689208,7.799449,0.004559,0.006168,-0.001145,152
1784563969149000,1.159050,5.713232,7.809050,0.003967,0.004672,-0.002853,153
1784563969159000,1.144771,5.727646,7.813890,0.003333,0.003526,-0.001313,154
1784563969169000,1.163840,5.718011,7.808954,0.003787,0.002398,-0.000309,155
1784563969179000,1.163823,5.703649,7.809066,0.004474,0.004135,-0.002886,156
1784563969189000,1.173416,5.722782,7.808801,0.002999,0.005866,-0.004929,157
1784563969199000,1.163787,5.722772,7.804140,0.001560,0.008599,-0.005835,158
1784563969209000,1.154366,5.698932,7.818774,0.001929,0.005439,-0.006571,159
1784563969219000,1.154324,5.713267,7.813885,0.003435,0.004238,-0.004494,160
1784563969229000,1.125565,5.722866,7.809382,-0.000504,0.001568,-0.003594,161
1784563969239000,1.144700,5.718045,7.809187,0.001479,-0.000701,-0.001583,162
1784563969249000,1.163948,5.708489,7.818583,0.001951,-0.001328,-0.000009,163
1784563969259000,1.159185,5.727648,7.818492,0.000846,-0.001847,-0.000044,164
1784563969269000,1.163970,5.727639,7.818434,0.001951,-0.001328,-0.000009,165
1784563969280000,1.139969,5.713293,7.814060,0.001861,-0.002921,-0.000110,166
1784563969289000,1.139920,5.722841,7.809207,0.002882,-0.003524,0.000929,167
1784563969299000,1.173411,5.717994,7.808838,0.002864,-0.004025,0.000360,168
1784563969309000,1.154318,5.708480,7.813922,0.003940,-0.004038,0.000361,169
1784563969319000,1.154205,5.713214,7.804330,0.005094,-0.002488,0.000998,170
1784563969330000,1.178142,5.722746,7.803965,0.003648,-0.000226,-0.001012,171
1784563969340000,1.159120,5.722834,7.813753,0.003660,-0.000196,-0.001547,172
1784563969350000,1.163846,5.722798,7.808917,0.004742,0.000262,-0.000442,173
1784563969360000,1.163852,5.727586,7.808880,0.003171,0.000842,-0.000945,174
1784563969369000,1.159050,5.713232,7.809050,0.003057,-0.000810,0.000025,175
1784563969380000,1.149539,5.713275,7.813943,0.005238,-0.000305,0.000061,176
1784563969390000,1.163823,5.703649,7.809066,0.004634,-0.000920,0.001634,177
1784563969400000,1.154293,5.737178,7.808921,0.004114,-0.001324,-0.000543,178
1784563969410000,1.144864,5.756398,7.818443,0.004646,-0.000889,0.001098,179
1784563969420000,1.168577,5.727551,7.804044,0.005703,-0.001403,0.000530,180
1784563969430000,1.149400,5.746708,7.799351,0.006271,-0.000878,0.000564,181
1784563969440000,1.178012,5.713119,7.794485,0.002561,-0.000243,-0.000477,182
1784563969450000,1.158942,5.722754,7.799421,0.003195,0.000902,-0.002017,183
1784563969460000,1.154276,5.722816,7.809033,0.003793,0.001958,-0.001949,184
1784563969470000,1.149632,5.742027,7.818497,0.003189,0.001343,-0.000376,185
1784563969480000,1.154341,5.727630,7.813773,0.002579,0.000258,0.000092,186
1784563969490000,1.154281,5.727603,7.808996,0.002609,0.000788,0.000125,187
1784563969500000,1.159001,5.722780,7.804198,0.003762,0.001427,-0.001983,188
1784563969510000,1.154233,5.737151,7.804144,0.002723,0.002441,-0.000845,189
1784563969520000,1.154293,5.737178,7.808921,0.003243,0.001934,-0.001414,190
1784563969530000,1.149383,5.732346,7.799462,0.002753,0.002972,-0.000812,191
1784563969540000,1.144782,5.737221,7.813815,0.002072,0.000795,0.000125,192
1784563969550000,1.159030,5.746717,7.804011,0.002006,0.000174,0.001698,193
1784563969560000,1.149448,5.737159,7.804202,0.003069,0.000131,0.002235,194
1784563969570000,1.149519,5.746761,7.808905,0.003063,-0.000340,0.001130,195
1784563969580000,1.149431,5.722797,7.804314,0.002490,-0.000424,0.002736,196
1784563969590000,1.159196,5.737223,7.818418,0.003589,-0.000376,0.001666,197
1784563969600000,1.149443,5.732372,7.804239,0.003643,0.000215,0.000628,198
1784563969610000,1.149431,5.722797,7.804314,0.003715,0.001307,0.000160,199
1784563969620000,1.168524,5.732312,7.799230,0.003703,0.001276,0.000695,200
1784563969630000,1.154228,5.732364,7.804181,0.003793,0.002869,0.000796,201
1784563969640000,1.154120,5.741886,7.794552,0.002030,0.000234,0.000627,202
1784563969650000,1.149448,5.737159,7.804202,0.002555,0.000197,0.001163,203
1784563969660000,1.149508,5.737186,7.808980,0.004718,0.000202,0.000630,204
1784563969670000,1.139937,5.737203,7.809096,0.004085,-0.000943,0.002169,205
1784563969680000,1.149318,5.727531,7.794722,0.004085,-0.000943,0.002169,206
1784563969690000,1.158937,5.717967,7.799458,0.002429,-0.001485,0.002669,207
1784563969700000,1.163674,5.727506,7.794548,0.004127,-0.000382,0.001667,208
1784563969710000,1.139926,5.727628,7.809170,0.004108,-0.000883,0.001098,209
1784563969720000,1.144717,5.732407,7.809075,0.003009,-0.000931,0.002168,210
1784563969730000,1.154245,5.746726,7.804070,0.002387,-0.002046,0.003171,211
1784563969740000,1.154293,5.737178,7.808921,0.001384,-0.000942,0.002702,212
1784563969750000,1.144567,5.756265,7.794557,0.000793,-0.001526,0.003739,213
1784563969760000,1.149513,5.741973,7.808942,0.000195,-0.002582,0.003671,214
1784563969770000,1.149448,5.737159,7.804202,-0.000343,-0.002575,0.003671,215
1784563969780000,1.149502,5.732399,7.809017,0.000099,-0.003734,0.005211,216
1784563969790000,1.154358,5.741992,7.813662,0.002231,-0.004260,0.004644,217
1784563969800000,1.154293,5.737178,7.808921,0.001682,-0.004283,0.005179,218
1784563969810000,1.154163,5.727550,7.799441,0.003223,-0.005394,0.005649,219
1784563969820000,1.154233,5.737151,7.804144,0.002673,-0.005418,0.006185,220
1784563969830000,1.173416,5.722782,7.808801,0.002655,-0.005918,0.005615,221
1784563969840000,1.139836,5.751513,7.799430,0.002547,-0.008011,0.004946,222
1784563969850000,1.154346,5.732417,7.813736,0.003647,-0.007053,0.006621,223
1784563969860000,1.144663,5.737168,7.804260,0.005320,-0.006010,0.006689,224
1784563969870000,1.192119,5.703412,7.775276,0.000558,-0.005302,0.004576,225
1784563969880000,1.144522,5.717965,7.794855,0.002178,-0.004851,0.005682,226
1784563969890000,1.187480,5.727411,7.784703,0.000570,-0.005272,0.004040,227
1784563969900000,1.139813,5.732363,7.799579,0.002787,-0.003765,0.005214,228
1784563969910000,1.177953,5.713092,7.789708,0.000540,-0.005803,0.004006,229
1784563969920000,1.178167,5.694048,7.808966,0.003265,-0.004833,0.005147,230
1784563969930000,1.163719,5.765806,7.794250,0.001657,-0.005255,0.003505,231
1784563969940000,1.125641,5.737255,7.814048,0.003635,-0.007083,0.007156,232
1784563969950000,1.197144,5.756145,7.789140,0.001405,-0.008620,0.006518,233
1784563969960000,1.163733,5.727533,7.799325,0.002033,-0.007034,0.006619,234
1784563969970000,1.178080,5.770568,7.794038,0.001489,-0.007498,0.005514,235
1784563969980000,1.173314,5.737091,7.799134,0.002057,-0.006974,0.005548,236
1784563969990000,1.192461,5.741845,7.798865,0.001741,-0.004133,0.002501,237
1784563970000000,1.163773,5.761045,7.799065,0.004055,-0.001474,0.002135,238
1784563970010000,1.154191,5.751487,7.799255,0.004520,-0.002572,0.002604,239
1784563970020000,1.173201,5.741825,7.789542,0.002907,-0.002553,0.002603,240
1784563970030000,1.163685,5.737081,7.794473,0.001342,-0.001503,0.003204,241
1784563970040000,1.168481,5.746648,7.794341,0.000816,-0.001466,0.002668,242
1784563970050000,1.168541,5.746675,7.799118,-0.001407,-0.002533,0.003134,243
1784563970060000,1.173320,5.741879,7.799097,-0.001891,-0.001935,0.002096,244
1784563970070000,1.178052,5.746631,7.794224,-0.000719,-0.000796,0.000557,245
1784563970080000,1.163696,5.746656,7.794399,-0.001299,-0.001351,0.001059,246
1784563970090000,1.154208,5.765850,7.799144,-0.002894,-0.000831,0.001626,247
1784563970100000,1.163815,5.746709,7.803953,-0.001353,-0.001942,0.002096,248
1784563970110000,1.173391,5.751480,7.803800,-0.001341,-0.001912,0.001561,249
1784563970120000,1.168493,5.756223,7.794266,-0.001311,-0.001381,0.001594,250
1784563970130000,1.168535,5.741887,7.799155,-0.002338,-0.000337,0.002196,251
1784563970140000,1.173309,5.732304,7.799172,-0.001179,0.000772,0.001193,252
1784563970150000,1.173266,5.746639,7.794282,-0.003921,0.000213,0.002228,253
1784563970160000,1.173255,5.737064,7.794357,-0.002254,0.000785,0.001192,254
1784563970170000,1.173255,5.737064,7.794357,-0.002224,0.001316,0.001225,255
1784563970180000,1.173433,5.737144,7.808689,-0.001644,0.001870,0.000724,0
1784563970190000,1.163756,5.746683,7.799176,-0.001160,0.001273,0.001762,1
1784563970200000,1.163804,5.737134,7.804028,-0.000049,0.001351,0.000156,2
1784563970210000,1.173379,5.741905,7.803874,0.001014,0.001308,0.000693,3
1784563970220000,1.159001,5.722780,7.804198,0.000537,0.002376,0.000759,4
1784563970230000,1.173261,5.741852,7.794320,0.002150,0.002357,0.000761,5
1784563970240000,1.163809,5.741921,7.803990,0.002718,0.002881,0.000795,6
1784563970250000,1.173261,5.741852,7.794320,0.002168,0.002858,0.001330,7
1784563970260000,1.173261,5.741852,7.794320,0.001135,0.003431,0.000827,8
1784563970270000,1.163756,5.746683,7.799176,0.002264,0.004010,-0.000210,9
1784563970280000,1.173249,5.732277,7.794394,0.002730,0.002912,0.000259,10
1784563970290000,1.163756,5.746683,7.799176,0.003328,0.003967,0.000327,11
1784563970300000,1.168600,5.746701,7.803895,0.002760,0.003442,0.000293,12
1784563970310000,1.163696,5.746656,7.794399,0.001703,0.003956,0.000861,13
1784563970320000,1.163696,5.746656,7.794399,0.003340,0.003997,-0.000209,14
1784563970330000,1.173255,5.737064,7.794357,0.001249,0.005084,-0.000144,15
1784563970340000,1.154126,5.746673,7.794515,0.002880,0.005565,0.000427,16
1784563970351000,1.168552,5.756249,7.799044,0.000215,0.005657,-0.000647,17
1784563970361000,1.149502,5.732399,7.809017,0.001793,0.005548,0.000961,18
1784563970371000,1.163626,5.737054,7.789696,0.000699,0.005060,0.000391,19
1784563970381000,1.173326,5.746666,7.799060,-0.000950,0.004078,-0.000749,20
1784563970391000,1.130644,5.770839,7.828061,0.001207,0.004523,0.000358,21
1784563970401000,1.182955,5.746675,7.803720,0.002373,0.006103,0.000460,22
1784563970411000,1.201938,5.713077,7.794194,-0.000251,0.005844,-0.003861,23
1784563970421000,1.135251,5.770751,7.813671,0.003610,0.007863,-0.002652,24
1784563970431000,1.159117,5.770681,7.808602,0.002588,0.008466,-0.003691,25
1784563970441000,1.125565,5.722866,7.809382,0.004219,0.008948,-0.003120,26
1784563970451000,1.149109,5.751362,7.775427,0.001912,0.005849,-0.004395,27
1784563970461000,1.125495,5.713264,7.804679,0.002522,0.007845,-0.002118,28
1784563970471000,1.120642,5.756307,7.794847,0.002318,0.004601,-0.001248,29
1784563970481000,1.144409,5.722699,7.785263,0.003991,0.005643,-0.001179,30
1784563970491000,1.144485,5.737088,7.789928,0.004003,0.005673,-0.001715,31
1784563970501000,1.168340,5.727445,7.784935,0.003489,0.005740,-0.002786,32
1784563970511000,1.139723,5.756247,7.789838,0.003973,0.005142,-0.001748,33
1784563970521000,1.158959,5.737116,7.799309,0.003459,0.005209,-0.002820,34
1784563970531000,1.154143,5.761035,7.794404,0.002468,0.006343,-0.003825,35
1784563970541000,1.130283,5.765892,7.799434,0.005652,0.005745,-0.003320,36
1784563970551000,1.144449,5.756211,7.785003,0.003423,0.005119,-0.001213,37
1784563970561000,1.139646,5.741858,7.785172,0.001158,0.003491,-0.000244,38
1784563970571000,1.144562,5.751477,7.794594,0.000507,0.001845,0.000726,39
1784563970581000,1.139836,5.751513,7.799430,0.000471,0.001755,0.002333,40
1784563970591000,1.144497,5.746663,7.789854,0.000991,0.001248,0.001764,41
1784563970601000,1.149400,5.746708,7.799351,-0.000677,0.000676,0.002800,42
1784563970611000,1.139830,5.746725,7.799467,0.000895,0.000096,0.003304,43
1784563970621000,1.144680,5.751530,7.804149,0.000937,0.000657,0.002802,44
1784563970631000,1.139771,5.746698,7.794690,-0.001340,-0.001000,0.004306,45
1784563970641000,1.144502,5.751451,7.789817,-0.002488,-0.002080,0.004773,46
1784563970651000,1.144443,5.751424,7.785040,-0.002953,-0.000982,0.004304,47
1784563970661000,1.144663,5.737168,7.804260,-0.003067,-0.002634,0.005275,48
1784563970671000,1.154132,5.751461,7.794478,-0.004662,-0.002114,0.005842,49
1784563970681000,1.139771,5.746698,7.794690,-0.004155,-0.002652,0.005809,50
1784563970691000,1.139711,5.746672,7.789912,-0.004662,-0.002114,0.005842,51
1784563970701000,1.144556,5.746690,7.794631,-0.005822,-0.003224,0.006846,52
1784563970711000,1.149395,5.741920,7.799388,-0.005864,-0.003784,0.007348,53
1784563970721000,1.158906,5.741877,7.794494,-0.003689,-0.003750,0.006279,54
1784563970731000,1.144663,5.737168,7.804260,-0.005852,-0.003754,0.006812,55
1784563970741000,1.139759,5.737123,7.794764,-0.005864,-0.003784,0.007348,56
1784563970751000,1.149508,5.737186,7.808980,-0.004674,-0.002145,0.006378,57
1784563970761000,1.159024,5.741930,7.804049,-0.006318,-0.002656,0.006343,58
1784563970771000,1.144550,5.741902,7.794669,-0.005810,-0.003193,0.006310,59
1784563970781000,1.139943,5.741991,7.809059,-0.006378,-0.003718,0.006276,60
1784563970791000,1.144610,5.741929,7.799446,-0.006969,-0.004303,0.007313,61
1784563970801000,1.158970,5.746691,7.799234,-0.006402,-0.003778,0.007347,62
1784563970811000,1.144675,5.746743,7.804186,-0.008021,-0.004230,0.006241,63
1784563970821000,1.158917,5.751452,7.794420,-0.007507,-0.004296,0.007313,64
1784563970831000,1.163804,5.737134,7.804028,-0.007973,-0.003198,0.006843,65
1784563970841000,1.154222,5.727576,7.804218,-0.007985,-0.003228,0.007379,66
1784563970851000,1.149448,5.737159,7.804202,-0.008499,-0.003162,0.006307,67
1784563970861000,1.154115,5.737098,7.794590,-0.008511,-0.003192,0.006843,68
1784563970871000,1.163685,5.737081,7.794473,-0.008469,-0.002631,0.006341,69
1784563970881000,1.154239,5.741939,7.804107,-0.009598,-0.003209,0.007377,70
1784563970891000,1.154222,5.727576,7.804218,-0.009556,-0.002649,0.006875,71
1784563970901000,1.154180,5.741912,7.799330,-0.010715,-0.003758,0.007878,72
1784563970911000,1.144734,5.746769,7.808963,-0.010776,-0.004819,0.007811,73
1784563970921000,1.159018,5.737143,7.804086,-0.010673,-0.003197,0.007376,74
1784563970931000,1.154180,5.741912,7.799330,-0.011719,-0.002653,0.007409,75
1784563970941000,1.159024,5.741930,7.804049,-0.011181,-0.002660,0.007409,76
1784563970951000,1.154293,5.737178,7.808921,-0.011211,-0.003190,0.007376,77
1784563970961000,1.163781,5.717984,7.804177,-0.010703,-0.003728,0.007343,78
1784563970971000,1.173541,5.727623,7.818318,-0.011139,-0.002099,0.006907,79
1784563970981000,1.159055,5.718019,7.809012,-0.009938,-0.000429,0.005402,80
1784563970991000,1.173459,5.708446,7.813690,-0.008880,-0.000942,0.004834,81
1784563971001000,1.159055,5.718019,7.809012,-0.008313,-0.000418,0.004868,82
1784563971011000,1.163911,5.727612,7.813657,-0.006162,-0.000443,0.004870,83
1784563971021000,1.154216,5.722789,7.804256,-0.006192,-0.000974,0.004837,84
1784563971031000,1.159007,5.727568,7.804161,-0.006753,-0.001028,0.005907,85
1784563971041000,1.163852,5.727586,7.808880,-0.006705,0.000004,0.006510,86
1784563971051000,1.163840,5.718011,7.808954,-0.006215,-0.001034,0.005908,87
1784563971061000,1.168572,5.722764,7.804081,-0.006753,-0.001028,0.005907,88
1784563971071000,1.154395,5.722869,7.818588,-0.006276,-0.002095,0.005841,89
1784563971081000,1.159061,5.722807,7.808975,-0.006844,-0.002620,0.005807,90
1784563971091000,1.154324,5.713267,7.813885,-0.008469,-0.002631,0.006341,91
1784563971101000,1.178244,5.708437,7.813632,-0.007381,-0.002614,0.005806,92
1784563971111000,1.178119,5.703597,7.804114,-0.008964,-0.002064,0.005838,93
1784563971121000,1.163835,5.713223,7.808991,-0.007865,-0.002016,0.004768,94
1784563971131000,1.154330,5.718055,7.813848,-0.007847,-0.001516,0.005337,95
1784563971141000,1.159168,5.713285,7.818604,-0.007369,-0.002584,0.005271,96
1784563971151000,1.173507,5.698898,7.818541,-0.008427,-0.002070,0.005839,97
1784563971161000,1.154378,5.708507,7.818699,-0.006113,0.000589,0.005473,98
1784563971171000,1.154383,5.713294,7.818662,-0.007285,-0.000551,0.007011,99
1784563971181000,1.158973,5.698843,7.804384,-0.007152,0.001603,0.006610,100
1784563971191000,1.154443,5.713321,7.823440,-0.007152,0.001603,0.006610,101
1784563971201000,1.149657,5.713329,7.823498,-0.006759,-0.000587,0.007548,102
1784563971211000,1.144813,5.713311,7.818779,-0.006963,-0.003832,0.008418,103
1784563971221000,1.168657,5.694092,7.813859,-0.007059,-0.004984,0.009958,104
1784563971231000,1.183077,5.698881,7.818425,-0.007591,-0.005418,0.008317,105
1784563971241000,1.140164,5.727735,7.828279,-0.006002,-0.005497,0.009390,106
1784563971251000,1.159157,5.703711,7.818678,-0.005542,-0.006155,0.011499,107
1784563971261000,1.163872,5.694100,7.813918,-0.007383,-0.009441,0.013439,108
1784563971271000,1.154199,5.708426,7.804368,-0.005406,-0.012180,0.014345,109
1784563971281000,1.168846,5.703747,7.828117,-0.007362,-0.017119,0.017255,110
1784563971291000,1.178292,5.698889,7.818483,-0.007602,-0.020454,0.019732,111
1784563971301000,1.183094,5.713243,7.818313,-0.007614,-0.020484,0.020268,112
1784563971311000,1.159228,5.713312,7.823381,-0.007721,-0.021666,0.022343,113
1784563971321000,1.202212,5.694060,7.818230,-0.007160,-0.021612,0.021272,114
1784563971331000,1.202353,5.713263,7.827635,-0.005784,-0.017228,0.018864,115
1784563971341000,1.221168,5.689158,7.803702,-0.004378,-0.012313,0.016488,116
1784563971351000,1.235778,5.703602,7.822526,-0.002973,-0.008309,0.011368,117
1784563971361000,1.231165,5.698903,7.836953,-0.001036,-0.003871,0.007888,118
1784563971371000,1.216637,5.703636,7.822758,-0.000198,0.000519,0.005479,119
1784563971382000,1.207121,5.698892,7.827689,-0.002361,0.000514,0.006012,120
1784563971392000,1.216674,5.684513,7.827684,-0.000724,0.000555,0.004942,121
1784563971402000,1.197616,5.703723,7.832545,-0.000072,0.002202,0.003972,122
1784563971412000,1.187992,5.708501,7.827847,-0.001244,0.001062,0.005511,123
1784563971422000,1.192706,5.698891,7.823086,-0.000156,0.001080,0.004977,124
1784563971432000,1.197556,5.703697,7.827768,0.000351,0.000543,0.004944,125
1784563971442000,1.187986,5.703713,7.827884,0.000889,0.000537,0.004944,126
1784563971452000,1.192653,5.703651,7.818271,0.001343,-0.000592,0.005949,127
1784563971462000,1.192695,5.689316,7.823161,0.001862,-0.001099,0.005380,128
1784563971472000,1.207008,5.703626,7.818097,0.001343,-0.000592,0.005949,129
1784563971482000,1.207002,5.698839,7.818134,0.001367,-0.000531,0.004878,130
1784563971492000,1.183066,5.689306,7.818500,0.002943,-0.001552,0.003741,131
1784563971502000,1.216637,5.703636,7.822758,0.002490,-0.000424,0.002736,132
1784563971512000,1.182964,5.703615,7.808833,0.003607,0.000125,0.002235,133
1784563971522000,1.221245,5.703547,7.808368,0.003172,0.001753,0.001800,134
1784563971532000,1.207127,5.703680,7.827652,0.002688,0.002351,0.000761,135
1784563971542000,1.197503,5.708457,7.822953,0.002730,0.002912,0.000259,136
1784563971552000,1.187975,5.694139,7.827959,0.002646,0.001790,0.001263,137
1784563971562000,1.192577,5.689262,7.813606,0.003721,0.001777,0.001265,138
1784563971572000,1.187932,5.708474,7.823070,0.004205,0.001180,0.002303,139
1784563971582000,1.187808,5.703633,7.813552,0.003583,0.000064,0.003306,140
1784563971592000,1.187938,5.713262,7.823032,0.001318,-0.001563,0.004275,141
1784563971602000,1.192653,5.703651,7.818271,0.002376,-0.002076,0.003707,142
1784563971612000,1.192701,5.694103,7.823123,0.001748,-0.003662,0.003606,143
1784563971622000,1.202342,5.703688,7.827710,0.001766,-0.003162,0.004175,144
1784563971632000,1.187862,5.698873,7.818367,0.002853,-0.003144,0.003641,145
